"Target","Cumulative_outdegree.x","X","Y","Z","TF","XX","YY","ZZ","Indegree","Outdegree","Sum_cumulative_cosine","DE_R1_mock","DE_R25_mock","DE_R1_R25","R1_LFC","R25_LFC","abs_R1_FC","abs_R25_FC","mean_fc","Cumulative_outdegree.y"
"Glyma.01G037200",31732,"Gm01",3938033,3938037,"ERF8","Gm01",3938033,3938065,28,2077,191.957177036,"yes","yes","no",3.894578532,4.720495056,3.894578532,4.720495056,4.307536794,31732
"Glyma.01G114400",21417,"Gm01",40116756,40116770,"MYB101","Gm01",40116752,40116784,26,225,89.454564252,"yes","yes","no",2.238573686,2.327551669,2.238573686,2.327551669,2.283062678,21417
"Glyma.01G127200",10545,"Gm01",44909514,44909528,"MYB30","Gm01",44909507,44909539,20,757,72.665538916,"yes","yes","yes",3.279285197,4.279576477,3.279285197,4.279576477,3.779430837,10545
"Glyma.01G195300",15122,"Gm01",54064914,54064925,"NAC68","Gm01",54064893,54064925,19,268,67.579708972,"yes","yes","no",4.576933679,5.123740215,4.576933679,5.123740215,4.850336947,15122
"Glyma.01G206700",18065,"Gm01",55002407,55002427,"ERF2","Gm01",55002404,55002436,21,1460,151.300854172,"yes","yes","no",1.986019069,2.585694384,1.986019069,2.585694384,2.285856726,18065
"Glyma.01G211800",10582,"Gm01",52097011,52097030,"ERF013","Gm01",52097011,52097043,19,1260,58.988442444,"yes","yes","no",4.120588626,5.319047548,4.120588626,5.319047548,4.719818087,10582
"Glyma.01G212100",57029,"Gm01",55465856,55465874,"ERF9","Gm01",55465856,55465888,51,2103,404.874493557,"yes","yes","no",3.828313545,4.409729647,3.828313545,4.409729647,4.119021596,57029
"Glyma.01G217600",30037,"Gm01",55881429,55881448,"ERF054","Gm01",55881424,55881456,23,689,242.565302865,"yes","yes","no",6.053502263,7.448046861,6.053502263,7.448046861,6.750774562,30037
"Glyma.01G217700",16388,"Gm01",55884804,55884818,"ERF115","Gm01",55884802,55884834,18,895,110.780759891,"yes","yes","no",2.582676273,3.479401484,2.582676273,3.479401484,3.031038879,16388
"Glyma.01G228700",11436,"Gm01",56758124,56758125,"MYB3R5","Gm01",56758124,56758156,24,261,58.54002374,"yes","yes","no",3.266762217,4.360682955,3.266762217,4.360682955,3.813722586,11436
"Glyma.01G238800",61933,"Gm01",57417992,57418003,"ERF091","Gm01",57417992,57418024,44,2006,386.7846271,"yes","yes","no",3.223903613,4.279771017,3.223903613,4.279771017,3.751837315,61933
"Glyma.01G239600",14671,"Gm01",57468423,57468440,"ERF8","Gm01",57468412,57468444,23,2077,81.239279862,"yes","yes","yes",3.552244634,4.613500914,3.552244634,4.613500914,4.082872774,14671
"Glyma.01G244000",15157,"Gm01",57761840,57761854,"MYB17","Gm01",57761833,57761865,22,551,84.25126913,"yes","yes","no",4.256487732,5.624468841,4.256487732,5.624468841,4.940478287,15157
"Glyma.02G006200",20815,"Gm02",670472,670492,"ERF10","Gm02",670470,670502,19,1872,109.447476601,"no","yes","yes",2.478241225,5.956426749,2.478241225,5.956426749,4.217333987,20815
"Glyma.02G016100",19616,"Gm02",1434302,1434322,"ERF10","Gm02",1434290,1434322,18,1872,109.812274726,"yes","yes","no",3.301966524,3.56066301,3.301966524,3.56066301,3.431314767,19616
"Glyma.02G023900",21588,"Gm02",2115511,2115528,"MYB67","Gm02",2115511,2115543,27,554,130.358071657,"yes","yes","no",3.921235692,4.903840417,3.921235692,4.903840417,4.412538054,21588
"Glyma.02G027800",17558,"Gm02",2471636,2471650,"ERF122","Gm02",2471630,2471662,21,481,96.282720813,"yes","yes","no",4.342539545,5.462467775,4.342539545,5.462467775,4.90250366,17558
"Glyma.02G089400",42678,"Gm02",7812819,7812839,"ERF013","Gm02",7812812,7812844,36,1260,278.759349526,"yes","yes","no",5.749767472,6.852983075,5.749767472,6.852983075,6.301375274,42678
"Glyma.02G089500",45003,"Gm02",7818535,7818555,"ERF073","Gm02",7818532,7818564,38,808,270.76861745,"yes","yes","no",3.268889279,4.075343226,3.268889279,4.075343226,3.672116252,45003
"Glyma.02G134500",63331,"Gm02",14343981,14343999,"ERF054","Gm02",14343981,14344013,43,689,423.39386705,"yes","yes","no",2.413073031,2.838143984,2.413073031,2.838143984,2.625608507,63331
"Glyma.02G148200",34521,"Gm02",15712765,15712784,"ERF073","Gm02",15712765,15712797,28,808,231.476889434,"yes","yes","no",5.483045569,6.405680131,5.483045569,6.405680131,5.94436285,34521
"Glyma.02G208400",24777,"Gm02",41172636,41172656,"ERF2","Gm02",41172626,41172658,31,1460,142.312738737,"yes","yes","yes",1.653667423,2.627915537,1.653667423,2.627915537,2.14079148,24777
"Glyma.02G233800",25258,"Gm02",43958057,43958077,"ERF013","Gm02",43958057,43958089,35,1260,139.016531358,"yes","yes","no",7.03775701,7.866705347,7.03775701,7.866705347,7.452231178,25258
"Glyma.02G238800",85417,"Gm02",44565162,44565181,"ERF054","Gm02",44565162,44565194,75,689,581.921245073,"yes","yes","no",1.704002021,2.369505088,1.704002021,2.369505088,2.036753555,85417
"Glyma.02G243600",13734,"Gm02",44996629,44996643,"ERF027","Gm02",44996619,44996651,26,110,103.127362644,"yes","yes","no",2.309878141,2.893855341,2.309878141,2.893855341,2.601866741,13734
"Glyma.02G274400",79172,"Gm02",47576421,47576425,"ERF008","Gm02",47576421,47576453,85,455,582.09354216,"yes","yes","no",2.23301369,1.962930872,2.23301369,1.962930872,2.097972281,79172
"Glyma.02G309300",29760,"Gm02",50109927,50109947,"ERF013","Gm02",50109915,50109947,67,1260,144.760257001,"yes","yes","no",3.408475146,4.565704277,3.408475146,4.565704277,3.987089711,29760
"Glyma.03G003100",19390,"Gm03",288093,288107,"MYB31","Gm03",288091,288123,21,718,80.412756629,"yes","yes","no",6.597314282,7.064747641,6.597314282,7.064747641,6.831030961,19390
"Glyma.03G003300",13181,"Gm03",300365,300381,"MYB58","Gm03",300359,300391,18,793,74.546151846,"yes","yes","no",3.420934106,5.35780659,3.420934106,5.35780659,4.389370348,13181
"Glyma.03G015800",18347,"Gm03",1542961,1542967,"ERF021","Gm03",1542961,1542993,21,130,132.33722087,"no","yes","no",0.955996843,5.049134613,0.955996843,5.049134613,3.002565728,18347
"Glyma.03G015900",72962,"Gm03",1549788,1549808,"ERF10","Gm03",1549788,1549820,47,1872,475.121131136,"no","yes","no",1.96501279,3.219217207,1.96501279,3.219217207,2.592114998,72962
"Glyma.03G042700",15608,"Gm03",5495009,5495029,"ERF2","Gm03",5495007,5495039,27,1460,114.554621875,"yes","yes","no",3.874439508,4.309579212,3.874439508,4.309579212,4.09200936,15608
"Glyma.03G043000",21344,"Gm03",5544405,5544418,"MYB118","Gm03",5544405,5544437,33,202,132.089100743,"yes","no","no",-3.521254619,0.482622801,3.521254619,0.482622801,2.00193871,21344
"Glyma.03G045400",84367,"Gm03",5518784,5518796,"ERF014","Gm03",5518764,5518796,74,360,564.346885329,"yes","no","no",-3.873181911,-0.771091587,3.873181911,0.771091587,2.322136749,84367
"Glyma.03G073776",35722,"Gm03",18905662,18905682,"ERF9","Gm03",18905660,18905692,23,2103,246.272266882,"yes","yes","no",3.90904133,5.460411429,3.90904133,5.460411429,4.684726379,35722
"Glyma.03G093600",15403,"Gm03",28880196,28880214,"NAC054","Gm03",28880191,28880223,19,736,73.221377526,"yes","yes","no",2.695674672,3.011256378,2.695674672,3.011256378,2.853465525,15403
"Glyma.03G120700",90625,"Gm03",34444505,34444519,"ERF025","Gm03",34444499,34444531,70,62,588.21695632,"yes","yes","no",1.975990992,2.326519369,1.975990992,2.326519369,2.15125518,90625
"Glyma.03G142100",22733,"Gm03",36983232,36983252,"ERF2","Gm03",36983229,36983261,17,1460,139.64445436,"yes","yes","no",5.584231901,6.553424097,5.584231901,6.553424097,6.068827999,22733
"Glyma.03G160100",32383,"Gm03",38695467,38695486,"ERF9","Gm03",38695467,38695499,33,2103,161.37168383,"yes","yes","no",5.658051585,6.24273335,5.658051585,6.24273335,5.950392468,32383
"Glyma.03G160200",49313,"Gm03",38703854,38703863,"ERF10","Gm03",38703831,38703863,48,1872,354.552032828,"yes","yes","no",6.131877209,6.86770553,6.131877209,6.86770553,6.499791369,49313
"Glyma.03G160400",21343,"Gm03",38718544,38718556,"ERF104","Gm03",38718544,38718576,20,2240,132.167611818,"yes","yes","no",4.996272,6.550227147,4.996272,6.550227147,5.773249573,21343
"Glyma.03G171500",79998,"Gm03",39775698,39775711,"ERF055","Gm03",39775692,39775724,60,163,566.777960477,"yes","yes","no",1.843772699,2.891790507,1.843772699,2.891790507,2.367781603,79998
"Glyma.03G181700",76580,"Gm03",40535057,40535068,"ERF11","Gm03",40535055,40535087,67,1697,494.546586604,"yes","yes","no",2.4860359,3.285555489,2.4860359,3.285555489,2.885795695,76580
"Glyma.03G187700",35533,"Gm03",41050585,41050599,"ERF025","Gm03",41050584,41050616,31,62,215.313312296,"yes","yes","no",2.403829164,3.145033155,2.403829164,3.145033155,2.774431159,35533
"Glyma.03G189600",14797,"Gm03",41212707,41212721,"MYB62","Gm03",41212699,41212731,21,397,58.955388152,"yes","no","no",4.095850243,3.325777533,4.095850243,3.325777533,3.710813888,14797
"Glyma.03G191300",20937,"Gm03",41378757,41378770,"ERF017","Gm03",41378750,41378782,23,175,118.883385592,"no","yes","no",1.757465184,2.273323837,1.757465184,2.273323837,2.01539451,20937
"Glyma.03G215500",84568,"Gm03",43158571,43158589,"ERF2","Gm03",43158571,43158603,57,1460,514.566070456,"no","yes","no",2.104417414,3.332073183,2.104417414,3.332073183,2.718245298,84568
"Glyma.03G224700",80406,"Gm03",43870161,43870175,"ERF025","Gm03",43870155,43870187,67,62,523.99146523,"no","yes","no",2.525379413,3.110615507,2.525379413,3.110615507,2.81799746,80406
"Glyma.03G263000",57654,"Gm03",46801387,46801407,"ERF10","Gm03",46801387,46801419,41,1872,344.641523322,"yes","yes","no",4.418277279,4.949888178,4.418277279,4.949888178,4.684082728,57654
"Glyma.04G036700",16200,"Gm04",2886163,2886174,"ERF015","Gm04",2886151,2886183,22,79,94.561874518,"yes","yes","no",2.971729011,3.100407443,2.971729011,3.100407443,3.036068227,16200
"Glyma.04G039500",41089,"Gm04",3123457,3123476,"ERF10","Gm04",3123444,3123476,28,1872,269.223663663,"yes","yes","no",2.381089581,2.159376226,2.381089581,2.159376226,2.270232904,41089
"Glyma.04G042400",16993,"Gm04",3407727,3407740,"ERF037","Gm04",3407712,3407744,20,65,115.362722933,"yes","yes","no",5.619039729,7.389346122,5.619039729,7.389346122,6.504192925,16993
"Glyma.04G092100",73829,"Gm04",8091497,8091517,"ERF9","Gm04",8091497,8091529,61,2103,489.511189205,"yes","yes","no",2.486762018,1.75832009,2.486762018,1.75832009,2.122541054,73829
"Glyma.04G190400",27961,"Gm04",44929991,44930002,"ERF11","Gm04",44929978,44930010,31,1697,208.366925847,"yes","yes","no",1.728456487,2.659008827,1.728456487,2.659008827,2.193732657,27961
"Glyma.04G217400",21074,"Gm04",47657789,47657803,"ERF027","Gm04",47657780,47657812,27,110,118.041910047,"yes","yes","no",1.612741392,2.89026686,1.612741392,2.89026686,2.251504126,21074
"Glyma.04G220800",89426,"Gm04",47982281,47982300,"ERF2","Gm04",47982281,47982313,64,1460,591.554241422,"yes","yes","no",2.082649757,3.647425982,2.082649757,3.647425982,2.86503787,89426
"Glyma.05G022100",12776,"Gm05",1931847,1931870,"NAC013","Gm05",1931838,1931870,16,932,65.500783516,"yes","yes","no",3.118709452,4.787991092,3.118709452,4.787991092,3.953350272,12776
"Glyma.05G022600",13599,"Gm05",1982915,1982924,"ERF8","Gm05",1982915,1982947,16,2077,83.438001283,"yes","yes","no",2.249628175,2.70711808,2.249628175,2.70711808,2.478373128,13599
"Glyma.05G042800",25646,"Gm05",3960516,3960529,"ERF011","Gm05",3960504,3960536,36,241,170.180542735,"yes","yes","no",5.748239106,6.772059396,5.748239106,6.772059396,6.260149251,25646
"Glyma.05G052800",129124,"Gm05",4857196,4857216,"ERF9","Gm05",4857190,4857222,95,2103,831.713690254,"no","yes","no",1.877838748,2.281724467,1.877838748,2.281724467,2.079781607,129124
"Glyma.05G058900",90346,"Gm05",5594615,5594635,"ERF10","Gm05",5594613,5594645,62,1872,547.862266512,"no","yes","no",1.607288643,4.243694369,1.607288643,4.243694369,2.925491506,90346
"Glyma.05G063600",109071,"Gm05",6299431,6299449,"ERF9","Gm05",6299417,6299449,82,2103,699.669521159,"yes","yes","no",2.284394955,2.827784576,2.284394955,2.827784576,2.556089765,109071
"Glyma.05G099300",22446,"Gm05",26318396,26318416,"ERF10","Gm05",26318396,26318428,22,1872,106.45779593,"yes","yes","no",4.580744446,6.728592529,4.580744446,6.728592529,5.654668487,22446
"Glyma.05G101300",41207,"Gm05",26887802,26887820,"ERF9","Gm05",26887802,26887834,35,2103,316.412367115,"no","yes","no",3.016744832,3.671928128,3.016744832,3.671928128,3.34433648,41207
"Glyma.05G119200",18169,"Gm05",31248172,31248181,"WRKY21","Gm05",31247980,31248181,19,1833,101.799932222,"no","yes","no",2.751158592,3.851168055,2.751158592,3.851168055,3.301163324,18169
"Glyma.05G147700",62419,"Gm05",34240474,34240479,"ERF014","Gm05",34240474,34240506,47,360,402.456870666,"no","yes","no",-2.111794767,-3.431533125,2.111794767,3.431533125,2.771663946,62419
"Glyma.05G177700",24955,"Gm05",36620815,36620830,"ERF104","Gm05",36620815,36620847,17,2240,150.11938154,"yes","yes","no",5.208256553,5.714518895,5.208256553,5.714518895,5.461387724,24955
"Glyma.05G195000",20189,"Gm05",37947085,37947105,"ERF2","Gm05",37947075,37947107,23,1460,90.401834613,"yes","yes","no",3.776168363,4.769699186,3.776168363,4.769699186,4.272933774,20189
"Glyma.05G204800",19797,"Gm05",38823531,38823542,"ERF122","Gm05",38823531,38823563,17,481,127.343211846,"yes","yes","no",4.272180932,4.422472233,4.272180932,4.422472233,4.347326582,19797
"Glyma.05G211900",16775,"Gm05",39387064,39387080,"MYB58","Gm05",39387059,39387091,23,793,85.719330324,"yes","yes","no",3.914576339,4.798561236,3.914576339,4.798561236,4.356568788,16775
"Glyma.05G229600",90971,"Gm05",40796077,40796097,"ERF10","Gm05",40796074,40796106,69,1872,597.930122853,"no","yes","yes",0.254339334,4.973775518,0.254339334,4.973775518,2.614057426,90971
"Glyma.06G061900",11180,"Gm06",4642110,4642130,"ERF9","Gm06",4642107,4642139,19,2103,66.065506571,"yes","yes","no",3.151277289,3.167826927,3.151277289,3.167826927,3.159552108,11180
"Glyma.06G111300",27143,"Gm06",8977373,8977393,"ERF9","Gm06",8977369,8977401,25,2103,150.056987208,"yes","yes","no",3.323920758,3.997952029,3.323920758,3.997952029,3.660936394,27143
"Glyma.06G121000",15563,"Gm06",9818282,9818300,"MYB1","Gm06",9818279,9818311,27,276,84.219270617,"yes","yes","no",6.02848423,6.828245588,6.02848423,6.828245588,6.428364909,15563
"Glyma.06G148400",10913,"Gm06",12074844,12074856,"MYB33","Gm06",12074834,12074866,21,199,72.346032757,"yes","yes","no",3.081529388,4.288307154,3.081529388,4.288307154,3.684918271,10913
"Glyma.06G162400",11232,"Gm06",13372120,13372136,"MYB96","Gm06",13372116,13372148,17,704,60.968262721,"yes","yes","no",5.291400565,5.867610612,5.291400565,5.867610612,5.579505589,11232
"Glyma.06G197600",18688,"Gm06",17907779,17907799,"ERF073","Gm06",17907776,17907808,17,808,121.144303755,"yes","yes","no",4.34385396,5.052211476,4.34385396,5.052211476,4.698032718,18688
"Glyma.06G214700",24588,"Gm06",22046645,22046656,"ERF091","Gm06",22046645,22046677,29,2006,164.19950487,"yes","yes","no",-2.036522736,-1.976727475,2.036522736,1.976727475,2.006625106,24588
"Glyma.06G276500",228855,"Gm06",46363282,46363295,"ERF013","Gm06",46363282,46363314,144,1260,1562.935264318,"no","yes","yes",1.247780474,4.275257971,1.247780474,4.275257971,2.761519222,228855
"Glyma.06G307700",20245,"Gm06",49182567,49182574,"MYB4","Gm06",49182556,49182588,28,215,109.17169251,"yes","yes","no",2.181328075,3.357142113,2.181328075,3.357142113,2.769235094,20245
"Glyma.07G006200",20737,"Gm07",448467,448480,"ERF10","Gm07",448467,448499,25,1872,109.519028687,"no","yes","no",1.865564054,3.467782377,1.865564054,3.467782377,2.666673215,20737
"Glyma.07G048900",26845,"Gm07",4139847,4139861,"MYB30","Gm07",4139845,4139877,44,757,125.886719951,"yes","yes","no",4.076739377,5.202023345,4.076739377,5.202023345,4.639381361,26845
"Glyma.07G052700",79221,"Gm07",4598363,4598383,"ERF073","Gm07",4598354,4598386,63,808,512.989846482,"no","yes","no",1.691087566,3.286351765,1.691087566,3.286351765,2.488719665,79221
"Glyma.07G076200",24397,"Gm07",6761701,6761721,"ERF013","Gm07",6761696,6761728,24,1260,102.649528529,"no","yes","no",1.871029157,3.450408049,1.871029157,3.450408049,2.660718603,24397
"Glyma.07G076600",50393,"Gm07",6796973,6796982,"ERF10","Gm07",6796950,6796982,36,1872,344.68092049,"no","yes","no",1.163538116,3.903019659,1.163538116,3.903019659,2.533278887,50393
"Glyma.07G099000",15590,"Gm07",9195588,9195599,"WRKY17","Gm07",9195398,9195599,16,240,86.310367747,"yes","yes","no",2.597668762,3.111895899,2.597668762,3.111895899,2.85478233,15590
"Glyma.07G120900",45925,"Gm07",13865326,13865342,"ERF9","Gm07",13865326,13865358,34,2103,309.224920431,"yes","yes","no",2.360841814,2.846229095,2.360841814,2.846229095,2.603535455,45925
"Glyma.07G133800",52575,"Gm07",15707111,15707130,"ERF012","Gm07",15707098,15707130,43,295,330.027826935,"yes","yes","no",2.004783082,2.498545637,2.004783082,2.498545637,2.25166436,52575
"Glyma.07G136650",10909,"Gm07",16028220,16028232,"NAC105","Gm07",16028217,16028249,22,115,68.64727474,"yes","no","no",2.844968649,1.51776269,2.844968649,1.51776269,2.18136567,10909
"Glyma.07G140700",18296,"Gm07",16507462,16507473,"RAV1","Gm07",16507329,16507530,24,1191,101.529929547,"yes","yes","no",3.489070206,4.589365317,3.489070206,4.589365317,4.039217762,18296
"Glyma.07G145700",66677,"Gm07",17328489,17328509,"ERF10","Gm07",17328487,17328519,53,1872,421.28805074,"no","yes","no",2.949335984,3.237467564,2.949335984,3.237467564,3.093401774,66677
"Glyma.07G155500",35287,"Gm07",18979742,18979746,"ERF023","Gm07",18979742,18979774,27,773,206.100363738,"yes","yes","no",1.854279451,2.19323554,1.854279451,2.19323554,2.023757495,35287
"Glyma.07G202300",20617,"Gm07",37489406,37489422,"ERF091","Gm07",37489406,37489438,30,2006,128.940518788,"yes","yes","no",2.56785723,3.231047305,2.56785723,3.231047305,2.899452268,20617
"Glyma.07G220300",14331,"Gm07",39812264,39812272,"ERF11","Gm07",39812240,39812272,21,1697,83.24537369,"no","yes","no",-1.644428437,-2.623013707,1.644428437,2.623013707,2.133721072,14331
"Glyma.07G248600",95537,"Gm07",43009801,43009803,"ERF104","Gm07",43009801,43009833,73,2240,568.776673953,"yes","yes","no",3.65025084,4.28092119,3.65025084,4.28092119,3.965586015,95537
"Glyma.07G254700",62542,"Gm07",43463291,43463310,"ERF073","Gm07",43463291,43463323,57,808,412.956198035,"no","yes","no",1.717316499,4.131859019,1.717316499,4.131859019,2.924587759,62542
"Glyma.07G256300",14812,"Gm07",43556138,43556155,"ERF8","Gm07",43556134,43556166,16,2077,104.940123763,"no","yes","no",3.114603563,3.80777004,3.114603563,3.80777004,3.461186801,14812
"Glyma.08G018300",17394,"Gm08",1473747,1473757,"MYB113","Gm08",1473736,1473768,19,234,82.442272093,"yes","yes","no",2.276005969,3.103529786,2.276005969,3.103529786,2.689767877,17394
"Glyma.08G034500",16448,"Gm08",2737202,2737221,"ERF013","Gm08",2737202,2737234,27,1260,91.532122257,"yes","yes","no",2.976174526,3.284499365,2.976174526,3.284499365,3.130336945,16448
"Glyma.08G064700",14995,"Gm08",4953985,4954000,"ERF003","Gm08",4953985,4954017,19,2245,119.951824425,"yes","yes","no",1.948594469,2.397536781,1.948594469,2.397536781,2.173065625,14995
"Glyma.08G071300",26044,"Gm08",5459038,5459055,"ERF8","Gm08",5459034,5459066,31,2077,170.884370922,"yes","yes","no",2.339254529,2.474423192,2.339254529,2.474423192,2.40683886,26044
"Glyma.08G078900",11397,"Gm08",6017478,6017484,"ERF014","Gm08",6017478,6017510,18,360,68.869041993,"yes","yes","no",6.387452028,6.738066844,6.387452028,6.738066844,6.562759436,11397
"Glyma.08G082400",71369,"Gm08",6234815,6234832,"ERF2","Gm08",6234815,6234847,50,1460,483.792347134,"yes","yes","no",2.162840874,3.198277196,2.162840874,3.198277196,2.680559035,71369
"Glyma.08G106900",23349,"Gm08",8228666,8228675,"ERF105","Gm08",8228666,8228698,18,479,180.094475184,"yes","yes","no",1.973058276,2.797821652,1.973058276,2.797821652,2.385439964,23349
"Glyma.08G107500",40258,"Gm08",8267157,8267175,"ERF003","Gm08",8267157,8267189,48,2245,189.589856664,"yes","yes","no",2.038786726,3.245636241,2.038786726,3.245636241,2.642211483,40258
"Glyma.08G109500",23891,"Gm08",8398220,8398240,"ERF2","Gm08",8398218,8398250,19,1460,125.705682739,"yes","yes","no",3.623522026,5.268112462,3.623522026,5.268112462,4.445817244,23891
"Glyma.08G147600",55514,"Gm08",11343294,11343313,"ERF2","Gm08",11343294,11343326,43,1460,349.083385827,"no","yes","no",1.667885896,2.832806056,1.667885896,2.832806056,2.250345976,55514
"Glyma.08G187400",25422,"Gm08",15093759,15093769,"ERF105","Gm08",15093759,15093791,42,479,153.478106623,"yes","yes","no",2.193014766,2.751932409,2.193014766,2.751932409,2.472473588,25422
"Glyma.08G227200",15478,"Gm08",18567972,18567984,"MYB105","Gm08",18567966,18567998,26,303,70.497148618,"no","yes","no",1.817891073,2.285091489,1.817891073,2.285091489,2.051491281,15478
"Glyma.08G228800",21768,"Gm08",18757781,18757795,"ERF057","Gm08",18757775,18757807,26,215,139.074769527,"yes","yes","no",2.806296826,4.009703043,2.806296826,4.009703043,3.407999935,21768
"Glyma.08G257300",32157,"Gm08",23184492,23184507,"ERF091","Gm08",23184492,23184524,27,2006,194.279278913,"yes","yes","no",4.302633346,3.605542987,4.302633346,3.605542987,3.954088167,32157
"Glyma.08G342100",43038,"Gm08",45143127,45143135,"ERF2","Gm08",45143127,45143159,40,1460,232.193139342,"yes","yes","no",3.039970757,3.26513793,3.039970757,3.26513793,3.152554343,43038
"Glyma.08G352500",35580,"Gm08",45923531,45923546,"ERF091","Gm08",45923531,45923563,39,2006,197.086496092,"yes","yes","no",2.209604389,2.326082993,2.209604389,2.326082993,2.267843691,35580
"Glyma.09G005500",60408,"Gm09",428991,429009,"ERF003","Gm09",428983,429015,53,2245,462.375797727,"no","yes","no",2.057096508,2.10998346,2.057096508,2.10998346,2.083539984,60408
"Glyma.09G005700",62094,"Gm09",444689,444707,"ERF104","Gm09",444689,444721,49,2240,358.911159212,"yes","yes","no",2.302023812,3.129302404,2.302023812,3.129302404,2.715663108,62094
"Glyma.09G042400",114335,"Gm09",3583272,3583287,"ERF012","Gm09",3583272,3583304,89,295,677.105273191,"yes","yes","no",1.998803505,2.349413808,1.998803505,2.349413808,2.174108656,114335
"Glyma.09G063300",22160,"Gm09",6034083,6034102,"ERF013","Gm09",6034083,6034115,18,1260,144.752356036,"yes","yes","no",4.382514681,5.112122963,4.382514681,5.112122963,4.747318822,22160
"Glyma.09G073050",22556,"Gm09",7609269,7609282,"ERF011","Gm09",7609259,7609291,26,241,146.930460902,"no","yes","no",-2.374934205,-2.391563581,2.374934205,2.391563581,2.383248893,22556
"Glyma.09G075200",12642,"Gm09",8103485,8103497,"NAC028","Gm09",8103481,8103513,20,317,72.19942121,"no","yes","no",2.238469804,4.161865823,2.238469804,4.161865823,3.200167813,12642
"Glyma.09G091800",46223,"Gm09",12370299,12370319,"ERF9","Gm09",12370296,12370328,40,2103,302.28030964,"yes","yes","no",4.981142092,4.917140645,4.981142092,4.917140645,4.949141369,46223
"Glyma.09G116300",15538,"Gm09",27828445,27828457,"ERF073","Gm09",27828445,27828477,24,808,85.916281382,"yes","yes","no",2.053169829,2.438194648,2.053169829,2.438194648,2.245682238,15538
"Glyma.09G128300",18272,"Gm09",32890616,32890627,"NAC68","Gm09",32890599,32890631,19,268,98.477603992,"yes","yes","no",4.592094086,5.828793357,4.592094086,5.828793357,5.210443722,18272
"Glyma.09G187300",17636,"Gm09",42088509,42088521,"MYB30","Gm09",42088489,42088521,20,757,100.748330267,"yes","no","no",-3.433581547,-2.273903597,3.433581547,2.273903597,2.853742572,17636
"Glyma.09G194100",33901,"Gm09",42738220,42738239,"ERF9","Gm09",42738220,42738252,37,2103,272.371551436,"yes","yes","no",4.712626552,5.913792857,4.712626552,5.913792857,5.313209705,33901
"Glyma.09G205700",22602,"Gm09",43866283,43866295,"MYB77","Gm09",43866275,43866307,21,159,115.747248286,"no","yes","no",1.893522124,3.108881332,1.893522124,3.108881332,2.501201728,22602
"Glyma.09G266700",63574,"Gm09",48836773,48836783,"ERF118","Gm09",48836773,48836805,54,1432,402.446110943,"yes","yes","no",2.336972729,3.532176251,2.336972729,3.532176251,2.93457449,63574
"Glyma.10G007000",44838,"Gm10",687781,687800,"ERF10","Gm10",687768,687800,35,1872,294.496691495,"yes","yes","no",4.431727822,7.268023272,4.431727822,7.268023272,5.849875547,44838
"Glyma.10G012900",84038,"Gm10",1167738,1167755,"ERF8","Gm10",1167732,1167764,53,2077,561.010044753,"yes","yes","no",-2.521167732,-3.236624699,2.521167732,3.236624699,2.878896216,84038
"Glyma.10G019000",32727,"Gm10",1624157,1624177,"ERF9","Gm10",1624156,1624188,29,2103,238.829013068,"yes","yes","yes",1.721418922,2.605214073,1.721418922,2.605214073,2.163316497,32727
"Glyma.10G045400",19723,"Gm10",4008463,4008469,"NAC013","Gm10",4008463,4008495,27,932,94.976408561,"yes","yes","yes",5.555284674,7.204625534,5.555284674,7.204625534,6.379955104,19723
"Glyma.10G046000",44099,"Gm10",4077378,4077397,"ERF013","Gm10",4077378,4077410,30,1260,273.83669376,"yes","yes","no",6.050667136,7.141192341,6.050667136,7.141192341,6.595929739,44099
"Glyma.10G081900",73040,"Gm10",9670189,9670209,"ERF10","Gm10",9670179,9670211,59,1872,450.228553436,"yes","yes","no",3.942570731,4.487443313,3.942570731,4.487443313,4.215007022,73040
"Glyma.10G082500",28685,"Gm10",9799710,9799712,"ERF104","Gm10",9799710,9799742,27,2240,190.370903587,"yes","yes","no",4.574033386,6.012188398,4.574033386,6.012188398,5.293110892,28685
"Glyma.10G107900",14695,"Gm10",24256520,24256537,"MYB60","Gm10",24256505,24256537,16,197,76.20455147,"yes","yes","no",3.648416929,4.935110454,3.648416929,4.935110454,4.291763692,14695
"Glyma.10G132300",93313,"Gm10",35820357,35820368,"ERF013","Gm10",35820357,35820389,84,1260,577.226779167,"yes","yes","no",1.849691533,2.800230215,1.849691533,2.800230215,2.324960874,93313
"Glyma.10G161500",27242,"Gm10",39710720,39710740,"ERF10","Gm10",39710719,39710751,24,1872,154.693835838,"yes","yes","no",3.897820305,4.789895966,3.897820305,4.789895966,4.343858135,27242
"Glyma.10G180500",24711,"Gm10",41512628,41512648,"ERF10","Gm10",41512625,41512657,24,1872,153.482535787,"yes","yes","no",6.938959307,8.165827139,6.938959307,8.165827139,7.552393223,24711
"Glyma.10G186800",48672,"Gm10",42084180,42084196,"ERF091","Gm10",42084176,42084208,46,2006,306.873935144,"no","yes","no",1.835849401,2.336618489,1.835849401,2.336618489,2.086233945,48672
"Glyma.10G194500",12266,"Gm10",42743483,42743503,"MYB67","Gm10",42743475,42743507,23,554,72.032703241,"yes","yes","no",4.381891525,5.25991644,4.381891525,5.25991644,4.820903982,12266
"Glyma.10G209500",102787,"Gm10",44221416,44221429,"ERF091","Gm10",44221416,44221448,76,2006,713.123779753,"yes","yes","no",2.947593454,2.931143942,2.947593454,2.931143942,2.939368698,102787
"Glyma.10G222400",41425,"Gm10",45441565,45441585,"ERF013","Gm10",45441565,45441597,34,1260,266.706704482,"yes","yes","no",2.667611971,2.39442819,2.667611971,2.39442819,2.531020081,41425
"Glyma.10G223200",69661,"Gm10",45491464,45491480,"ERF8","Gm10",45491464,45491496,55,2077,421.216698941,"yes","yes","no",3.899589895,4.721865323,3.899589895,4.721865323,4.310727609,69661
"Glyma.10G227700",13222,"Gm10",45891854,45891872,"MYB1","Gm10",45891851,45891883,21,276,60.788582931,"yes","yes","no",2.223115408,3.174442893,2.223115408,3.174442893,2.69877915,13222
"Glyma.10G242300",13012,"Gm10",47156744,47156764,"ERF013","Gm10",47156734,47156766,17,1260,89.226448844,"no","yes","no",-2.012006375,-2.90519675,2.012006375,2.90519675,2.458601563,13012
"Glyma.10G276600",22587,"Gm10",49974030,49974048,"ERF2","Gm10",49974030,49974062,20,1460,144.676209708,"no","yes","no",2.814088622,4.252973189,2.814088622,4.252973189,3.533530905,22587
"Glyma.11G001200",19786,"Gm11",63747,63757,"MYB23","Gm11",63735,63767,19,431,90.870996749,"yes","yes","no",1.889249346,2.704141821,1.889249346,2.704141821,2.296695584,19786
"Glyma.11G010500",174732,"Gm11",732346,732359,"ERF055","Gm11",732331,732363,119,163,1162.971626177,"yes","yes","no",2.982843182,4.427711437,2.982843182,4.427711437,3.70527731,174732
"Glyma.11G036500",30782,"Gm11",2624122,2624137,"ERF013","Gm11",2624122,2624154,26,1260,192.848211841,"yes","yes","no",4.334027609,4.963635936,4.334027609,4.963635936,4.648831772,30782
"Glyma.11G043100",32651,"Gm11",3151627,3151641,"ERF057","Gm11",3151623,3151655,31,215,266.827691098,"no","yes","no",2.177478823,2.689255885,2.177478823,2.689255885,2.433367354,32651
"Glyma.11G046400",31344,"Gm11",3464384,3464392,"ERF003","Gm11",3464384,3464416,29,2245,235.710081087,"yes","yes","no",6.060629908,7.128753024,6.060629908,7.128753024,6.594691466,31344
"Glyma.11G050900",23507,"Gm11",3795808,3795826,"ERF003","Gm11",3795801,3795833,23,2245,140.325502002,"no","yes","no",1.944894417,2.344503158,1.944894417,2.344503158,2.144698788,23507
"Glyma.11G070500",15126,"Gm11",5265509,5265529,"MYB67","Gm11",5265509,5265541,29,554,63.455930293,"yes","yes","yes",4.80314214,5.963771023,4.80314214,5.963771023,5.383456581,15126
"Glyma.11G101200",22299,"Gm11",7641784,7641796,"NAC073","Gm11",7641784,7641816,29,355,128.940315311,"yes","yes","no",7.440753932,8.536545394,7.440753932,8.536545394,7.988649663,22299
"Glyma.11G152000",41548,"Gm11",18263990,18264001,"NAC076","Gm11",18263976,18264008,45,447,221.553830422,"yes","yes","no",3.62857654,4.603176387,3.62857654,4.603176387,4.115876464,41548
"Glyma.11G163300",19254,"Gm11",20707590,20707608,"ERF104","Gm11",20707587,20707619,20,2240,123.241580295,"yes","yes","no",3.661421043,3.802454899,3.661421043,3.802454899,3.731937971,19254
"Glyma.11G185700",14660,"Gm11",15983077,15983094,"NAC013","Gm11",15983077,15983109,22,932,84.596102516,"yes","yes","no",4.036230697,4.47697688,4.036230697,4.47697688,4.256603789,14660
"Glyma.11G198300",127617,"Gm11",32736823,32736841,"ERF2","Gm11",32736823,32736855,90,1460,836.884475468,"yes","yes","yes",4.498805017,5.652881877,4.498805017,5.652881877,5.075843447,127617
"Glyma.11G204700",40128,"Gm11",33726775,33726795,"ERF9","Gm11",33726775,33726807,32,2103,279.763424629,"yes","yes","no",3.318180746,3.396143548,3.318180746,3.396143548,3.357162147,40128
"Glyma.11G214500",14826,"Gm11",35671982,35671996,"MYB31","Gm11",35671965,35671997,24,718,80.673973457,"yes","yes","no",2.893978928,3.601214345,2.893978928,3.601214345,3.247596637,14826
"Glyma.11G223200",47939,"Gm11",36705104,36705124,"ERF10","Gm11",36705094,36705126,40,1872,272.330451128,"yes","yes","no",2.413369777,3.418044438,2.413369777,3.418044438,2.915707108,47939
"Glyma.11G233300",109433,"Gm11",37735410,37735421,"ERF034","Gm11",37735389,37735421,91,64,729.660106642,"no","yes","no",2.176249938,3.7744281,2.176249938,3.7744281,2.975339019,109433
"Glyma.12G007300",27748,"Gm12",537116,537132,"ERF2","Gm12",537116,537148,23,1460,179.96709577,"yes","yes","no",4.773339629,5.679356909,4.773339629,5.679356909,5.226348269,27748
"Glyma.12G007400",10584,"Gm12",543493,543507,"MYB56","Gm12",543488,543520,18,264,60.60633137,"yes","yes","no",3.927204964,4.814733761,3.927204964,4.814733761,4.370969363,10584
"Glyma.12G049700",23729,"Gm12",3551231,3551238,"ERF109","Gm12",3551225,3551257,20,1068,146.614938598,"yes","yes","no",1.787878118,2.188508582,1.787878118,2.188508582,1.98819335,23729
"Glyma.12G054100",12229,"Gm12",3887376,3887387,"NAC076","Gm12",3887371,3887403,20,447,78.515430305,"yes","yes","no",5.701803885,6.733237695,5.701803885,6.733237695,6.21752079,12229
"Glyma.12G093100",37963,"Gm12",7602421,7602439,"ERF2","Gm12",7602421,7602453,38,1460,305.723939113,"yes","yes","no",2.185887612,2.434806131,2.185887612,2.434806131,2.310346872,37963
"Glyma.12G186800",58436,"Gm12",36215422,36215437,"ERF9","Gm12",36215422,36215454,46,2103,398.398155893,"yes","yes","no",2.788383856,3.495993625,2.788383856,3.495993625,3.14218874,58436
"Glyma.12G188900",32762,"Gm12",36516162,36516182,"ERF10","Gm12",36516158,36516190,41,1872,232.844088135,"yes","yes","no",6.293892666,7.417852218,6.293892666,7.417852218,6.855872442,32762
"Glyma.13G032000",10879,"Gm13",9372856,9372870,"MYB3R4","Gm13",9372851,9372883,20,242,85.897332737,"yes","yes","no",2.946912545,4.989223779,2.946912545,4.989223779,3.968068162,10879
"Glyma.13G053900",11905,"Gm13",14193963,14193974,"NAC68","Gm13",14193956,14193988,24,268,71.145347376,"yes","yes","no",2.539749471,3.055692,2.539749471,3.055692,2.797720735,11905
"Glyma.13G056100",30583,"Gm13",14452475,14452495,"ERF10","Gm13",14452470,14452502,35,1872,208.67741062,"yes","yes","no",1.823829267,2.424573244,1.823829267,2.424573244,2.124201256,30583
"Glyma.13G073900",50604,"Gm13",16681219,16681239,"ERF10","Gm13",16681212,16681244,42,1872,359.235910433,"yes","yes","no",3.559951758,4.346310343,3.559951758,4.346310343,3.953131051,50604
"Glyma.13G118900",11534,"Gm13",22194129,22194143,"ERF019","Gm13",22194122,22194154,22,321,74.771121153,"no","yes","no",3.34817393,4.87157014,3.34817393,4.87157014,4.109872035,11534
"Glyma.13G129000",15192,"Gm13",23303386,23303400,"MYB56","Gm13",23303385,23303417,20,264,60.214916589,"yes","yes","no",2.836690004,3.498580183,2.836690004,3.498580183,3.167635093,15192
"Glyma.13G149100",29937,"Gm13",25354859,25354871,"MYB3R1","Gm13",25354851,25354883,52,202,182.696441048,"yes","yes","no",1.776093439,2.646973371,1.776093439,2.646973371,2.211533405,29937
"Glyma.13G157400",12365,"Gm13",26660925,26660939,"ERF10","Gm13",26660925,26660957,18,1872,66.965066422,"yes","yes","no",3.926452053,4.619761595,3.926452053,4.619761595,4.273106824,12365
"Glyma.13G158200",39701,"Gm13",26754344,26754358,"ERF034","Gm13",26754334,26754366,36,64,226.417329097,"yes","yes","yes",1.929898574,2.706413124,1.929898574,2.706413124,2.318155849,39701
"Glyma.13G209600",14156,"Gm13",31762318,31762331,"ERF055","Gm13",31762310,31762342,20,163,106.663371174,"yes","yes","no",4.662263351,4.933472441,4.662263351,4.933472441,4.797867896,14156
"Glyma.13G233300",91582,"Gm13",33811040,33811060,"ERF10","Gm13",33811040,33811072,62,1872,632.98388173,"yes","yes","no",3.450246483,4.152341294,3.450246483,4.152341294,3.801293889,91582
"Glyma.13G248500",24332,"Gm13",35062620,35062634,"MYB30","Gm13",35062609,35062641,25,757,125.993272885,"yes","yes","no",2.488433718,3.020737422,2.488433718,3.020737422,2.75458557,24332
"Glyma.13G285300",39063,"Gm13",38000110,38000130,"ERF10","Gm13",38000110,38000142,27,1872,278.631909671,"yes","yes","no",4.479717446,5.699372061,4.479717446,5.699372061,5.089544754,39063
"Glyma.13G312700",11959,"Gm13",40160190,40160203,"ERF055","Gm13",40160183,40160215,24,163,89.282544086,"yes","yes","no",5.675900101,5.7692206,5.675900101,5.7692206,5.72256035,11959
"Glyma.13G314100",36747,"Gm13",40309058,40309077,"ERF012","Gm13",40309056,40309088,30,295,247.741624822,"yes","yes","no",2.01035707,2.590784223,2.01035707,2.590784223,2.300570647,36747
"Glyma.14G052600",81251,"Gm14",4138166,4138184,"ERF9","Gm14",4138166,4138198,59,2103,522.295318824,"yes","yes","no",2.679130516,1.560865369,2.679130516,1.560865369,2.119997942,81251
"Glyma.14G056300",118956,"Gm14",4403012,4403032,"ERF2","Gm14",4403011,4403043,86,1460,739.154755912,"yes","yes","no",6.875883081,6.827302975,6.875883081,6.827302975,6.851593028,118956
"Glyma.14G078900",22863,"Gm14",6604695,6604709,"ERF115","Gm14",6604682,6604714,27,895,129.707513409,"no","yes","no",-1.623331623,-3.156185849,1.623331623,3.156185849,2.389758736,22863
"Glyma.14G118500",15050,"Gm14",32886386,32886406,"ERF9","Gm14",32886386,32886418,18,2103,86.603248935,"yes","yes","no",3.089978586,4.504411607,3.089978586,4.504411607,3.797195097,15050
"Glyma.14G122000",105437,"Gm14",34631744,34631762,"ERF003","Gm14",34631738,34631770,73,2245,674.260480155,"no","yes","no",2.356372531,3.875719507,2.356372531,3.875719507,3.116046019,105437
"Glyma.14G152700",88338,"Gm14",29074012,29074032,"ERF073","Gm14",29074009,29074041,58,808,608.605033355,"yes","yes","no",2.451601144,2.425745327,2.451601144,2.425745327,2.438673236,88338
"Glyma.14G162100",124957,"Gm14",39739426,39739442,"ERF054","Gm14",39739426,39739458,90,689,866.379999854,"yes","yes","no",-1.830389348,-2.380674567,1.830389348,2.380674567,2.105531958,124957
"Glyma.14G212200",45433,"Gm14",48600233,48600246,"ERF011","Gm14",48600221,48600253,47,241,352.977370319,"yes","yes","no",5.419592068,6.04695636,5.419592068,6.04695636,5.733274214,45433
"Glyma.15G012000",20719,"Gm15",936017,936036,"ERF054","Gm15",936016,936048,24,689,136.199177157,"yes","yes","no",3.184657878,4.225799309,3.184657878,4.225799309,3.705228593,20719
"Glyma.15G026900",71287,"Gm15",2169434,2169449,"ERF2","Gm15",2169434,2169466,60,1460,445.973155738,"no","yes","no",1.943462941,2.520430753,1.943462941,2.520430753,2.231946847,71287
"Glyma.15G054600",45832,"Gm15",4281233,4281248,"ERF8","Gm15",4281216,4281248,42,2077,348.611732041,"yes","yes","no",2.975227788,3.921018298,2.975227788,3.921018298,3.448123043,45832
"Glyma.15G077000",65174,"Gm15",5906265,5906285,"ERF9","Gm15",5906263,5906295,63,2103,367.652146634,"yes","yes","no",4.946865835,5.108597205,4.946865835,5.108597205,5.02773152,65174
"Glyma.15G110300",28228,"Gm15",8618239,8618256,"MYB51","Gm15",8618239,8618271,30,711,95.337070873,"yes","yes","yes",2.652502917,3.604954969,2.652502917,3.604954969,3.128728943,28228
"Glyma.15G156100",32154,"Gm15",13074686,13074706,"ERF9","Gm15",13074686,13074718,25,2103,161.396274271,"yes","yes","no",6.260293169,7.61842812,6.260293169,7.61842812,6.939360644,32154
"Glyma.15G177900",15564,"Gm15",16964879,16964894,"MYB13","Gm15",16964872,16964904,22,686,63.471225298,"yes","yes","no",2.804085996,3.764196584,2.804085996,3.764196584,3.28414129,15564
"Glyma.15G203500",17115,"Gm15",26745255,26745274,"ERF2","Gm15",26745255,26745287,17,1460,109.002818888,"yes","yes","no",4.115611743,4.496513268,4.115611743,4.496513268,4.306062505,17115
"Glyma.15G206800",17622,"Gm15",28590504,28590524,"ERF10","Gm15",28590500,28590532,20,1872,153.816109035,"no","yes","no",2.045362202,2.572030831,2.045362202,2.572030831,2.308696516,17622
"Glyma.15G270000",32006,"Gm15",52709093,52709109,"ERF003","Gm15",52709093,52709125,31,2245,191.827659517,"yes","yes","no",4.588293024,5.016230799,4.588293024,5.016230799,4.802261912,32006
"Glyma.16G136600",13624,"Gm16",29557950,29557963,"ERF055","Gm16",29557939,29557971,19,163,70.519390075,"yes","yes","no",1.988556243,2.236360561,1.988556243,2.236360561,2.112458402,13624
"Glyma.16G145100",19141,"Gm16",30769894,30769907,"MYB41","Gm16",30769894,30769926,32,389,106.195576256,"yes","yes","no",4.372965698,5.751919606,4.372965698,5.751919606,5.062442652,19141
"Glyma.16G164200",19649,"Gm16",32499637,32499653,"ERF013","Gm16",32499637,32499669,36,1260,66.787718624,"yes","yes","no",3.544242207,4.282675741,3.544242207,4.282675741,3.913458974,19649
"Glyma.16G170000",13209,"Gm16",33185468,33185470,"ERF104","Gm16",33185468,33185500,16,2240,85.700380031,"yes","yes","no",3.766939593,4.054477059,3.766939593,4.054477059,3.910708326,13209
"Glyma.16G180300",14043,"Gm16",34303365,34303385,"ERF2","Gm16",34303365,34303397,18,1460,109.958051654,"yes","yes","no",6.14147614,7.652719676,6.14147614,7.652719676,6.897097908,14043
"Glyma.16G212400",24137,"Gm16",37286446,37286460,"ERF027","Gm16",37286441,37286473,21,110,147.083094318,"yes","yes","no",7.747535411,8.586907949,7.747535411,8.586907949,8.16722168,24137
"Glyma.17G011400",24450,"Gm17",903384,903391,"ERF018","Gm17",903369,903401,31,193,153.997276349,"yes","yes","no",4.145760192,5.023428391,4.145760192,5.023428391,4.584594291,24450
"Glyma.17G030200",13407,"Gm17",2213474,2213488,"MYB56","Gm17",2213470,2213502,24,264,75.724883001,"yes","yes","no",3.654234052,4.589914028,3.654234052,4.589914028,4.12207404,13407
"Glyma.17G034900",75988,"Gm17",2546373,2546380,"ERF018","Gm17",2546349,2546381,61,193,522.402751626,"yes","yes","no",2.645271687,3.2634906,2.645271687,3.2634906,2.954381144,75988
"Glyma.17G080400",24179,"Gm17",6227965,6227981,"ERF003","Gm17",6227965,6227997,27,2245,126.434703908,"yes","yes","no",1.839682481,2.549200588,1.839682481,2.549200588,2.194441535,24179
"Glyma.17G112900",46755,"Gm17",8915568,8915579,"ERF057","Gm17",8915568,8915600,38,215,290.546275271,"yes","yes","no",1.928777602,2.812437523,1.928777602,2.812437523,2.370607562,46755
"Glyma.17G145400",126990,"Gm17",11910647,11910667,"ERF9","Gm17",11910644,11910676,91,2103,812.358086032,"yes","yes","no",2.199642004,2.715123578,2.199642004,2.715123578,2.457382791,126990
"Glyma.17G185000",11531,"Gm17",23618098,23618110,"MYB107","Gm17",23618088,23618120,21,296,79.792396482,"yes","yes","no",1.881207508,2.450835565,1.881207508,2.450835565,2.166021537,11531
"Glyma.17G236200",140257,"Gm17",39225927,39225934,"ERF091","Gm17",39225927,39225959,116,2006,882.240274485,"yes","yes","no",2.373654529,3.253729141,2.373654529,3.253729141,2.813691835,140257
"Glyma.17G237600",13705,"Gm17",39388649,39388669,"MYB51","Gm17",39388647,39388679,24,711,70.091210303,"yes","yes","no",3.455534831,4.836615623,3.455534831,4.836615623,4.146075227,13705
"Glyma.17G245100",13082,"Gm17",40166805,40166819,"MYB41","Gm17",40166803,40166835,29,389,61.093235705,"yes","yes","no",6.387781653,6.645494557,6.387781653,6.645494557,6.516638105,13082
"Glyma.18G009800",34327,"Gm18",702004,702024,"ERF9","Gm18",702000,702032,28,2103,220.050739421,"no","yes","no",1.717088733,2.405060797,1.717088733,2.405060797,2.061074765,34327
"Glyma.18G013600",68712,"Gm18",956579,956597,"ERF9","Gm18",956565,956597,49,2103,491.261393831,"yes","yes","no",3.914088132,4.279252445,3.914088132,4.279252445,4.096670288,68712
"Glyma.18G022700",130861,"Gm18",1651288,1651308,"ERF10","Gm18",1651281,1651313,105,1872,819.663084031,"yes","yes","no",1.704846426,2.547028305,1.704846426,2.547028305,2.125937365,130861
"Glyma.18G026700",98296,"Gm18",2012258,2012271,"ERF091","Gm18",2012258,2012290,69,2006,614.48394503,"yes","yes","no",2.473033571,2.188558125,2.473033571,2.188558125,2.330795848,98296
"Glyma.18G028400",22662,"Gm18",2141517,2141537,"ERF10","Gm18",2141517,2141549,25,1872,141.991148407,"yes","yes","no",-2.389336324,-2.751459937,2.389336324,2.751459937,2.570398131,22662
"Glyma.18G142700",17276,"Gm18",22496916,22496930,"MYB51","Gm18",22496898,22496930,22,711,98.387270946,"yes","yes","no",2.365770521,1.888586935,2.365770521,1.888586935,2.127178728,17276
"Glyma.18G223900",173241,"Gm18",51428792,51428800,"ERF013","Gm18",51428792,51428824,116,1260,1132.446181998,"yes","yes","no",2.636318935,3.297917282,2.636318935,3.297917282,2.967118108,173241
"Glyma.18G225300",25219,"Gm18",51631601,51631621,"ERF9","Gm18",51631598,51631630,18,2103,167.935087908,"yes","yes","no",3.713215345,4.184050274,3.713215345,4.184050274,3.94863281,25219
"Glyma.18G254100",28172,"Gm18",54329965,54329985,"ERF013","Gm18",54329960,54329992,23,1260,152.441730801,"no","yes","no",2.054986766,4.649716391,2.054986766,4.649716391,3.352351578,28172
"Glyma.18G273200",13734,"Gm18",55866643,55866663,"MYB51","Gm18",55866641,55866673,25,711,58.455198041,"yes","yes","no",4.089203943,5.140259423,4.089203943,5.140259423,4.614731683,13734
"Glyma.18G293600",83952,"Gm18",57436272,57436292,"ERF9","Gm18",57436269,57436301,71,2103,550.339092871,"no","yes","no",2.025002427,2.883601049,2.025002427,2.883601049,2.454301738,83952
"Glyma.19G001600",18963,"Gm19",122442,122462,"ERF073","Gm19",122439,122471,18,808,139.505814731,"yes","yes","no",2.08213659,2.863227385,2.08213659,2.863227385,2.472681988,18963
"Glyma.19G104201",20499,"Gm19",35766297,35766317,"ERF2","Gm19",35766297,35766329,19,1460,75.740156501,"yes","yes","no",3.356728448,3.65219545,3.356728448,3.65219545,3.504461949,20499
"Glyma.19G151200",22024,"Gm19",41595860,41595877,"ERF9","Gm19",41595860,41595892,16,2103,160.786676791,"yes","yes","no",3.80908616,5.07208691,3.80908616,5.07208691,4.440586535,22024
"Glyma.19G190000",16560,"Gm19",45209998,45210008,"MYB83","Gm19",45209983,45210015,21,674,67.716133664,"yes","yes","no",2.305858867,1.885877888,2.305858867,1.885877888,2.095868377,16560
"Glyma.19G197100",47862,"Gm19",45957929,45957947,"ERF104","Gm19",45957927,45957959,40,2240,296.324662153,"yes","yes","no",2.499448242,3.462379672,2.499448242,3.462379672,2.980913957,47862
"Glyma.19G198600",15382,"Gm19",46105873,46105889,"ERF013","Gm19",46105873,46105905,17,1260,98.034628745,"yes","yes","no",3.794058749,4.849919697,3.794058749,4.849919697,4.321989223,15382
"Glyma.19G221800",17879,"Gm19",47901732,47901752,"ERF073","Gm19",47901731,47901763,27,808,117.076541033,"no","yes","no",1.92966591,2.175122469,1.92966591,2.175122469,2.052394189,17879
"Glyma.20G032400",20790,"Gm20",4179734,4179754,"MYB51","Gm20",4179732,4179764,31,711,114.654752374,"no","yes","no",2.340690696,3.154918604,2.340690696,3.154918604,2.74780465,20790
"Glyma.20G032500",15172,"Gm20",4189990,4190010,"MYB67","Gm20",4189990,4190022,33,554,77.677931691,"no","yes","no",2.659938687,2.966456267,2.659938687,2.966456267,2.813197477,15172
"Glyma.20G037100",47878,"Gm20",5512880,5512887,"ERF018","Gm20",5512872,5512904,37,193,282.622432123,"yes","yes","no",2.75670749,2.924843474,2.75670749,2.924843474,2.840775482,47878
"Glyma.20G068000",10485,"Gm20",24125522,24125535,"ERF15","Gm20",24125514,24125546,22,718,73.082714109,"yes","yes","no",4.490724566,4.548312234,4.490724566,4.548312234,4.5195184,10485
"Glyma.20G082450",151439,"Gm20",31080887,31080907,"ERF2","Gm20",31080887,31080919,110,1460,1043.727115965,"yes","yes","no",2.028404453,3.020184702,2.028404453,3.020184702,2.524294578,151439
"Glyma.20G114200",15309,"Gm20",35554921,35554935,"MYB31","Gm20",35554915,35554947,27,718,80.654073949,"yes","yes","no",8.319749425,9.314138322,8.319749425,9.314138322,8.816943873,15309
"Glyma.20G124200",76593,"Gm20",36663694,36663708,"ERF021","Gm20",36663687,36663719,56,130,500.873046208,"yes","yes","no",4.893524446,4.380415318,4.893524446,4.380415318,4.636969882,76593
"Glyma.20G133200",83327,"Gm20",37319391,37319395,"ERF014","Gm20",37319363,37319395,66,360,530.504608331,"yes","yes","no",2.640587696,3.129000509,2.640587696,3.129000509,2.884794102,83327
"Glyma.20G134000",13743,"Gm20",37378918,37378933,"MYB51","Gm20",37378901,37378933,19,711,80.619035897,"yes","yes","no",2.413181028,3.570207904,2.413181028,3.570207904,2.991694466,13743
"Glyma.20G139500",12697,"Gm20",37851608,37851620,"MYB3R1","Gm20",37851600,37851632,29,202,80.997562657,"yes","yes","no",3.08048284,4.213396688,3.08048284,4.213396688,3.646939764,12697
"Glyma.20G140100",18942,"Gm20",37887489,37887493,"ERF10","Gm20",37887489,37887521,18,1872,117.920685852,"no","yes","no",1.711251137,2.956006528,1.711251137,2.956006528,2.333628832,18942
"Glyma.20G149500",68026,"Gm20",38784525,38784541,"ERF104","Gm20",38784525,38784557,44,2240,407.006813279,"no","yes","no",1.65381319,3.101024478,1.65381319,3.101024478,2.377418834,68026
"Glyma.20G171900",13846,"Gm20",40933196,40933203,"ERF109","Gm20",40933184,40933216,16,1068,72.559104152,"yes","yes","no",5.322682172,6.357607812,5.322682172,6.357607812,5.840144992,13846
"Glyma.20G186100",97836,"Gm20",42429222,42429230,"ERF104","Gm20",42429198,42429230,84,2240,667.056250407,"no","yes","no",1.746744873,2.7935892,1.746744873,2.7935892,2.270167036,97836
"Glyma.20G193400",20590,"Gm20",43189846,43189859,"ERF017","Gm20",43189836,43189868,18,175,157.686432261,"no","yes","no",2.674467581,3.411758095,2.674467581,3.411758095,3.043112838,20590
"Glyma.20G205800",42222,"Gm20",44203561,44203581,"ERF9","Gm20",44203559,44203591,32,2103,246.830793757,"yes","yes","no",3.400794859,4.136198464,3.400794859,4.136198464,3.768496661,42222
"Glyma.20G236200",40826,"Gm20",46795058,46795076,"ERF003","Gm20",46795057,46795089,33,2245,247.000854735,"yes","yes","no",4.151743885,5.341997636,4.151743885,5.341997636,4.74687076,40826
"Glyma.20G241500",34924,"Gm20",47198532,47198552,"ERF9","Gm20",47198531,47198563,28,2103,231.535653774,"yes","yes","no",1.95801501,2.668634137,1.95801501,2.668634137,2.313324574,34924
"Glyma.U031413",10065,"Gm06_scaffold_98",41933,41946,"NAC062","Gm06_scaffold_98",41920,41952,18,287,78.861679703,"yes","yes","no",4.848901649,4.791249465,4.848901649,4.791249465,4.820075557,10065
