df,ID,Description,GeneRatio,BgRatio,pvalue,p.adjust,qvalue,geneID,Count,cluster
1,gmx00941,Flavonoid biosynthesis,Aug-43,67/7555,2.82E-09,9.60E-08,8.03E-08,Glyma.01G091400/Glyma.01G228700/Glyma.02G130400/Glyma.08G109500/Glyma.08G110500/Glyma.08G246700/Glyma.09G075200/Glyma.11G011500,8,cluster 1
1,gmx00940,Phenylpropanoid biosynthesis,Oct-43,214/7555,2.28E-07,3.88E-06,3.24E-06,Glyma.03G181700/Glyma.09G022500/Glyma.11G010500/Glyma.11G129900/Glyma.12G054200/Glyma.12G130200/Glyma.15G129200/Glyma.16G164400/Glyma.20G169200/Glyma.U031413,10,cluster 1
1,gmx04712,Circadian rhythm - plant,Jul-43,87/7555,4.84E-07,5.49E-06,4.59E-06,Glyma.01G091400/Glyma.01G228700/Glyma.02G130400/Glyma.08G109500/Glyma.08G110500/Glyma.09G075200/Glyma.11G011500,7,cluster 1
1,gmx00460,Cyanoamino acid metabolism,Apr-43,73/7555,7.45E-04,0.006329949,0.005291289,Glyma.11G129900/Glyma.12G054200/Glyma.12G130200/Glyma.18G234600,4,cluster 1
1,gmx04626,Plant-pathogen interaction,May-43,280/7555,0.02053787,0.139657514,0.116741575,Glyma.09G280200/Glyma.10G002200/Glyma.11G163300/Glyma.15G062400/Glyma.15G222300,5,cluster 1
1,gmx04016,MAPK signaling pathway - plant,Apr-43,229/7555,0.040339667,0.220625515,0.184423805,Glyma.09G280200/Glyma.11G163300/Glyma.13G123100/Glyma.15G062400,4,cluster 1
1,gmx00480,Glutathione metabolism,Mar-43,144/7555,0.048093875,0.220625515,0.184423805,Glyma.05G161600/Glyma.07G140700/Glyma.18G190200,3,cluster 1
1,gmx00966,Glucosinolate biosynthesis,Jan-43,Oct-55,0.055512344,0.220625515,0.184423805,Glyma.20G199600,1,cluster 1
1,gmx00130,Ubiquinone and other terpenoid-quinone biosynthesis,Feb-43,69/7555,0.058400872,0.220625515,0.184423805,Glyma.11G010500/Glyma.20G245100,2,cluster 1
1,gmx00660,C5-Branched dibasic acid metabolism,Jan-43,15/7555,0.082128122,0.279235615,0.233416768,Glyma.20G199600,1,cluster 1
1,gmx00943,Isoflavonoid biosynthesis,Jan-43,24/7555,0.128202445,0.396262103,0.331240767,Glyma.18G267900,1,cluster 1
1,gmx00290,"Valine, leucine and isoleucine biosynthesis",Jan-43,31/7555,0.162468779,0.407555356,0.340680948,Glyma.20G199600,1,cluster 1
1,gmx00960,"Tropane, piperidine and pyridine alkaloid biosynthesis",Jan-43,32/7555,0.167255308,0.407555356,0.340680948,Glyma.12G059300,1,cluster 1
1,gmx00500,Starch and sucrose metabolism,Mar-43,249/7555,0.167816911,0.407555356,0.340680948,Glyma.11G129900/Glyma.12G054200/Glyma.12G130200,3,cluster 1
1,gmx00360,Phenylalanine metabolism,Jan-43,43/7555,0.218175096,0.494530218,0.413384393,Glyma.03G181700,1,cluster 1
1,gmx00906,Carotenoid biosynthesis,Jan-43,56/7555,0.274440635,0.539408159,0.450898461,Glyma.02G132200,1,cluster 1
1,gmx00920,Sulfur metabolism,Jan-43,56/7555,0.274440635,0.539408159,0.450898461,Glyma.18G234600,1,cluster 1
1,gmx00592,alpha-Linolenic acid metabolism,Jan-43,70/7555,0.330611631,0.539408159,0.450898461,Glyma.13G186200,1,cluster 1
1,gmx00520,Amino sugar and nucleotide sugar metabolism,Feb-43,215/7555,0.347271545,0.539408159,0.450898461,Glyma.13G045700/Glyma.15G206800,2,cluster 1
1,gmx00900,Terpenoid backbone biosynthesis,Jan-43,79/7555,0.364454229,0.539408159,0.450898461,Glyma.20G046800,1,cluster 1
1,gmx00052,Galactose metabolism,Jan-43,81/7555,0.371744677,0.539408159,0.450898461,Glyma.13G064200,1,cluster 1
1,gmx00053,Ascorbate and aldarate metabolism,Jan-43,81/7555,0.371744677,0.539408159,0.450898461,Glyma.20G051700,1,cluster 1
1,gmx00040,Pentose and glucuronate interconversions,Jan-43,83/7555,0.378953418,0.539408159,0.450898461,Glyma.01G240300,1,cluster 1
1,gmx00010,Glycolysis / Gluconeogenesis,Feb-43,234/7555,0.38654562,0.539408159,0.450898461,Glyma.01G097400/Glyma.13G064200,2,cluster 1
1,gmx01210,2-Oxocarboxylic acid metabolism,Jan-43,88/7555,0.396623646,0.539408159,0.450898461,Glyma.20G199600,1,cluster 1
1,gmx00020,Citrate cycle (TCA cycle),Jan-43,96/7555,0.423879482,0.554303938,0.463350041,Glyma.01G097400,1,cluster 1
1,gmx00051,Fructose and mannose metabolism,Jan-43,110/7555,0.468711789,0.560256232,0.468325643,Glyma.13G045700,1,cluster 1
1,gmx04075,Plant hormone signal transduction,Mar-43,447/7555,0.472031734,0.560256232,0.468325643,Glyma.03G142400/Glyma.13G123100/Glyma.15G062400,3,cluster 1
1,gmx00710,Carbon fixation in photosynthetic organisms,Jan-43,113/7555,0.47786561,0.560256232,0.468325643,Glyma.01G097400,1,cluster 1
1,gmx00620,Pyruvate metabolism,Jan-43,162/7555,0.607294998,0.668194656,0.558552808,Glyma.01G097400,1,cluster 1
1,gmx00270,Cysteine and methionine metabolism,Jan-43,166/7555,0.616353799,0.668194656,0.558552808,Glyma.18G234600,1,cluster 1
1,gmx01230,Biosynthesis of amino acids,Feb-43,378/7555,0.64162499,0.668194656,0.558552808,Glyma.18G234600/Glyma.20G199600,2,cluster 1
1,gmx00230,Purine metabolism,Jan-43,181/7555,0.648541872,0.668194656,0.558552808,Glyma.04G065800,1,cluster 1
1,gmx01200,Carbon metabolism,Feb-43,444/7555,0.728368759,0.728368759,0.608853142,Glyma.01G097400/Glyma.18G234600,2,cluster 1
2,gmx00940,Phenylpropanoid biosynthesis,Dec-51,214/7555,1.18E-08,3.41E-07,2.11E-07,Glyma.02G233800/Glyma.05G147000/Glyma.07G048800/Glyma.07G151900/Glyma.09G281900/Glyma.11G101200/Glyma.12G054100/Glyma.15G128800/Glyma.16G039600/Glyma.16G097200/Glyma.18G211100/Glyma.20G171900,12,cluster 2
2,gmx00480,Glutathione metabolism,Aug-51,144/7555,4.57E-06,6.62E-05,4.09E-05,Glyma.02G024600/Glyma.02G024800/Glyma.03G176300/Glyma.07G139700/Glyma.07G140000/Glyma.08G118900/Glyma.08G174900/Glyma.10G192900,8,cluster 2
2,gmx00943,Isoflavonoid biosynthesis,Apr-51,24/7555,1.77E-05,1.71E-04,1.06E-04,Glyma.03G143700/Glyma.09G094400/Glyma.18G080400/Glyma.19G030500,4,cluster 2
2,gmx00130,Ubiquinone and other terpenoid-quinone biosynthesis,May-51,69/7555,9.31E-05,6.75E-04,4.16E-04,Glyma.01G134600/Glyma.10G295300/Glyma.12G141900/Glyma.12G161400/Glyma.13G152814,5,cluster 2
2,gmx00430,Taurine and hypotaurine metabolism,Feb-51,13/7555,0.003323252,0.019274862,0.011893744,Glyma.08G091400/Glyma.08G091500,2,cluster 2
2,gmx00941,Flavonoid biosynthesis,Mar-51,67/7555,0.010249691,0.049540176,0.030569255,Glyma.02G307300/Glyma.05G147000/Glyma.16G039600,3,cluster 2
2,gmx00460,Cyanoamino acid metabolism,Mar-51,73/7555,0.012936947,0.053595923,0.033071894,Glyma.07G151900/Glyma.12G054100/Glyma.16G097200,3,cluster 2
2,gmx00950,Isoquinoline alkaloid biosynthesis,Feb-51,31/7555,0.018337371,0.066472972,0.041017805,Glyma.04G121700/Glyma.15G071200,2,cluster 2
2,gmx00250,"Alanine, aspartate and glutamate metabolism",Mar-51,88/7555,0.021273975,0.066891982,0.041276359,Glyma.08G091400/Glyma.08G091500/Glyma.16G153400,3,cluster 2
2,gmx00945,"Stilbenoid, diarylheptanoid and gingerol biosynthesis",Feb-51,35/7555,0.023066201,0.066891982,0.041276359,Glyma.05G147000/Glyma.16G039600,2,cluster 2
2,gmx00500,Starch and sucrose metabolism,May-51,249/7555,0.025567825,0.067406085,0.041593592,Glyma.07G151900/Glyma.12G054100/Glyma.13G349300/Glyma.16G097200/Glyma.20G061100,5,cluster 2
2,gmx00650,Butanoate metabolism,Feb-51,43/7555,0.03383289,0.081762818,0.050452555,Glyma.08G091400/Glyma.08G091500,2,cluster 2
2,gmx00350,Tyrosine metabolism,Feb-51,61/7555,0.063532253,0.141725796,0.087453304,Glyma.04G121700/Glyma.15G071200,2,cluster 2
2,gmx00592,alpha-Linolenic acid metabolism,Feb-51,70/7555,0.080726606,0.167219397,0.103184383,Glyma.13G109800/Glyma.15G223900,2,cluster 2
2,gmx00040,Pentose and glucuronate interconversions,Feb-51,83/7555,0.10773134,0.208280591,0.128521599,Glyma.01G137700/Glyma.03G216000,2,cluster 2
2,gmx00410,beta-Alanine metabolism,Feb-51,87/7555,0.11647485,0.211110665,0.130267924,Glyma.08G091400/Glyma.08G091500,2,cluster 2
2,gmx00073,"Cutin, suberine and wax biosynthesis",Jan-51,24/7555,0.150247391,0.256304373,0.158155148,Glyma.03G160200,1,cluster 2
2,gmx00908,Zeatin biosynthesis,Jan-51,27/7555,0.167396605,0.26969453,0.166417677,Glyma.19G187600,1,cluster 2
2,gmx00910,Nitrogen metabolism,Jan-51,37/7555,0.222145878,0.339064762,0.209223265,Glyma.16G153400,1,cluster 2
2,gmx00340,Histidine metabolism,Jan-51,41/7555,0.243043175,0.352412604,0.217459683,Glyma.10G226200,1,cluster 2
2,gmx00220,Arginine biosynthesis,Jan-51,57/7555,0.321265913,0.443652927,0.273760427,Glyma.16G153400,1,cluster 2
2,gmx04130,SNARE interactions in vesicular transport,Jan-51,70/7555,0.378937057,0.499507939,0.308226314,Glyma.02G195300,1,cluster 2
2,gmx00052,Galactose metabolism,Jan-51,81/7555,0.423960882,0.512286066,0.316111184,Glyma.13G349300,1,cluster 2
2,gmx00053,Ascorbate and aldarate metabolism,Jan-51,81/7555,0.423960882,0.512286066,0.316111184,Glyma.16G019900,1,cluster 2
2,gmx04626,Plant-pathogen interaction,Feb-51,280/7555,0.569083809,0.660137218,0.4073442,Glyma.03G157800/Glyma.09G210600,2,cluster 2
2,gmx04016,MAPK signaling pathway - plant,Jan-51,229/7555,0.79300813,0.873673163,0.539108667,Glyma.14G056300,1,cluster 2
2,gmx04075,Plant hormone signal transduction,Feb-51,447/7555,0.813419842,0.873673163,0.539108667,Glyma.08G010400/Glyma.14G056300,2,cluster 2
2,gmx04144,Endocytosis,Jan-51,288/7555,0.863152356,0.893979226,0.551638724,Glyma.08G364700,1,cluster 2
2,gmx01200,Carbon metabolism,Jan-51,444/7555,0.954927744,0.954927744,0.58924761,Glyma.16G153400,1,cluster 2
3,gmx00195,Photosynthesis,55/565,85/7555,9.68E-42,1.05E-39,8.76E-40,Glyma.01G180800/Glyma.01G238000/Glyma.02G061100/Glyma.02G141700/Glyma.02G282500/Glyma.03G114600/Glyma.03G159100/Glyma.04G020300/Glyma.04G066000/Glyma.04G112800/Glyma.04G215800/Glyma.05G022900/Glyma.05G048000/Glyma.05G112100/Glyma.05G168400/Glyma.05G172300/Glyma.06G020400/Glyma.06G067400/Glyma.06G150300/Glyma.06G321900/Glyma.07G019700/Glyma.07G112000/Glyma.07G221900/Glyma.08G126800/Glyma.08G173700/Glyma.08G204800/Glyma.08G304200/Glyma.09G087700/Glyma.09G250800/Glyma.10G032200/Glyma.10G249000/Glyma.11G061300/Glyma.11G077600/Glyma.11G181100/Glyma.11G245400/Glyma.12G169500/Glyma.12G199400/Glyma.12G202500/Glyma.13G127200/Glyma.13G204800/Glyma.13G299200/Glyma.13G302900/Glyma.14G031800/Glyma.15G107900/Glyma.15G194300/Glyma.15G253700/Glyma.16G127300/Glyma.16G143600/Glyma.17G130100/Glyma.17G154900/Glyma.18G114900/Glyma.18G241700/Glyma.18G286500/Glyma.19G161400/Glyma.20G144700,55,cluster 3
3,gmx00196,Photosynthesis - antenna proteins,26/565,37/7555,1.19E-21,6.48E-20,5.38E-20,Glyma.01G115900/Glyma.02G305400/Glyma.02G309500/Glyma.03G060300/Glyma.03G262300/Glyma.04G167900/Glyma.05G128000/Glyma.06G039700/Glyma.07G047600/Glyma.08G074000/Glyma.08G082900/Glyma.08G180000/Glyma.09G154700/Glyma.10G177200/Glyma.12G219300/Glyma.13G282000/Glyma.14G003400/Glyma.14G008000/Glyma.15G052400/Glyma.16G016100/Glyma.16G145800/Glyma.16G165200/Glyma.16G165500/Glyma.16G165800/Glyma.16G205200/Glyma.20G212900,26,cluster 3
3,gmx01200,Carbon metabolism,67/565,444/7555,1.24E-08,4.52E-07,3.75E-07,Glyma.01G010200/Glyma.01G026700/Glyma.01G062000/Glyma.02G038100/Glyma.02G057400/Glyma.02G217100/Glyma.02G274000/Glyma.03G168700/Glyma.04G008300/Glyma.04G015900/Glyma.04G157000/Glyma.05G025300/Glyma.05G141000/Glyma.06G015900/Glyma.06G277500/Glyma.07G013800/Glyma.07G049600/Glyma.07G059800/Glyma.07G185400/Glyma.07G253700/Glyma.07G262100/Glyma.08G063800/Glyma.08G096300/Glyma.08G165500/Glyma.08G223300/Glyma.08G274400/Glyma.08G302600/Glyma.09G210900/Glyma.09G247900/Glyma.10G059500/Glyma.10G205500/Glyma.10G281400/Glyma.11G084100/Glyma.12G037400/Glyma.13G046200/Glyma.13G146200/Glyma.13G148600/Glyma.13G270400/Glyma.13G349100/Glyma.14G001900/Glyma.14G094700/Glyma.14G162000/Glyma.14G218800/Glyma.15G012500/Glyma.15G058900/Glyma.15G136200/Glyma.15G250800/Glyma.15G261900/Glyma.16G018300/Glyma.16G027700/Glyma.16G028700/Glyma.16G044900/Glyma.16G118800/Glyma.16G168000/Glyma.17G012000/Glyma.17G101700/Glyma.17G228800/Glyma.17G257800/Glyma.18G150000/Glyma.18G193600/Glyma.18G195900/Glyma.18G244900/Glyma.19G106800/Glyma.19G170100/Glyma.19G226700/Glyma.20G107800/Glyma.20G243500,67,cluster 3
3,gmx00710,Carbon fixation in photosynthetic organisms,27/565,113/7555,3.96E-08,1.08E-06,8.96E-07,Glyma.01G010200/Glyma.01G026700/Glyma.02G038100/Glyma.04G008300/Glyma.04G015900/Glyma.05G025300/Glyma.06G015900/Glyma.06G277500/Glyma.07G185400/Glyma.07G253700/Glyma.08G063800/Glyma.08G165500/Glyma.09G210900/Glyma.10G059500/Glyma.10G205500/Glyma.12G037400/Glyma.13G046200/Glyma.13G146200/Glyma.13G270400/Glyma.15G136200/Glyma.15G261900/Glyma.16G044900/Glyma.16G168000/Glyma.17G101700/Glyma.18G193600/Glyma.19G106800/Glyma.20G243500,27,cluster 3
3,gmx00630,Glyoxylate and dicarboxylate metabolism,25/565,111/7555,4.28E-07,9.34E-06,7.75E-06,Glyma.01G026700/Glyma.02G038100/Glyma.02G217100/Glyma.03G128300/Glyma.07G059800/Glyma.07G185400/Glyma.07G262100/Glyma.08G063800/Glyma.08G274400/Glyma.08G302600/Glyma.09G247900/Glyma.10G281400/Glyma.13G046200/Glyma.13G210800/Glyma.13G349100/Glyma.14G094700/Glyma.15G012500/Glyma.15G250800/Glyma.16G028700/Glyma.17G012000/Glyma.17G228800/Glyma.18G150000/Glyma.18G244900/Glyma.19G130800/Glyma.20G107800,25,cluster 3
3,gmx00860,Porphyrin and chlorophyll metabolism,17/565,89/7555,2.66E-04,0.004832345,0.004013343,Glyma.01G227400/Glyma.03G119500/Glyma.03G137000/Glyma.05G026200/Glyma.06G119500/Glyma.06G159900/Glyma.10G128400/Glyma.11G015433/Glyma.11G192300/Glyma.12G082100/Glyma.12G222200/Glyma.13G232500/Glyma.14G150600/Glyma.15G080200/Glyma.17G100700/Glyma.19G123800/Glyma.19G139300,17,cluster 3
3,gmx00260,"Glycine, serine and threonine metabolism",19/565,107/7555,3.18E-04,0.004948198,0.004109561,Glyma.01G026700/Glyma.02G038100/Glyma.02G217100/Glyma.03G040600/Glyma.07G262100/Glyma.08G223300/Glyma.08G274400/Glyma.08G302600/Glyma.09G070300/Glyma.10G281400/Glyma.13G148600/Glyma.14G094700/Glyma.15G012500/Glyma.15G178400/Glyma.17G012000/Glyma.17G228800/Glyma.18G150000/Glyma.20G107800/Glyma.20G145300,19,cluster 3
3,gmx00380,Tryptophan metabolism,12/565,63/7555,0.002129333,0.024498387,0.020346318,Glyma.02G126500/Glyma.05G040400/Glyma.09G070300/Glyma.10G155400/Glyma.13G048100/Glyma.13G048200/Glyma.13G048500/Glyma.14G152100/Glyma.15G178400/Glyma.16G131700/Glyma.17G086500/Glyma.20G232900,12,cluster 3
3,gmx00562,Inositol phosphate metabolism,18/565,116/7555,0.002280771,0.024498387,0.020346318,Glyma.02G257200/Glyma.04G088000/Glyma.05G132200/Glyma.06G169100/Glyma.09G011100/Glyma.10G059500/Glyma.10G218400/Glyma.11G238800/Glyma.13G114800/Glyma.13G146200/Glyma.14G059200/Glyma.14G164700/Glyma.15G046400/Glyma.15G058900/Glyma.15G115500/Glyma.15G182800/Glyma.18G018600/Glyma.20G040600,18,cluster 3
3,gmx00010,Glycolysis / Gluconeogenesis,30/565,234/7555,0.002415893,0.024498387,0.020346318,Glyma.01G173300/Glyma.02G274000/Glyma.03G168700/Glyma.04G008300/Glyma.04G157000/Glyma.05G141000/Glyma.07G049600/Glyma.07G253700/Glyma.08G044100/Glyma.08G096300/Glyma.08G165500/Glyma.09G070300/Glyma.09G239800/Glyma.10G059500/Glyma.12G037400/Glyma.13G146200/Glyma.14G152100/Glyma.14G218800/Glyma.15G178400/Glyma.15G261900/Glyma.16G018300/Glyma.16G131700/Glyma.16G168000/Glyma.17G061300/Glyma.17G257800/Glyma.18G187600/Glyma.18G193600/Glyma.19G057200/Glyma.19G170100/Glyma.U031515,30,cluster 3
3,gmx00053,Ascorbate and aldarate metabolism,14/565,81/7555,0.002472314,0.024498387,0.020346318,Glyma.02G209000/Glyma.09G011100/Glyma.09G070300/Glyma.11G216400/Glyma.14G152100/Glyma.14G177200/Glyma.15G115500/Glyma.15G178400/Glyma.16G131700/Glyma.17G195100/Glyma.18G265100/Glyma.19G244700/Glyma.20G051900/Glyma.20G240300,14,cluster 3
3,gmx00500,Starch and sucrose metabolism,30/565,249/7555,0.006066756,0.055106369,0.045766758,Glyma.01G019100/Glyma.02G016400/Glyma.02G244700/Glyma.02G304500/Glyma.03G151200/Glyma.04G017700/Glyma.05G068000/Glyma.05G216400/Glyma.06G011700/Glyma.06G100600/Glyma.08G044100/Glyma.08G137500/Glyma.10G086600/Glyma.12G005200/Glyma.13G062700/Glyma.13G235600/Glyma.14G009300/Glyma.14G210700/Glyma.14G214300/Glyma.14G218800/Glyma.15G106000/Glyma.15G210100/Glyma.16G018500/Glyma.16G217900/Glyma.17G257800/Glyma.19G028400/Glyma.19G113600/Glyma.19G153700/Glyma.19G192800/Glyma.20G120300,30,cluster 3
3,gmx00051,Fructose and mannose metabolism,16/565,110/7555,0.007405624,0.062093305,0.051569524,Glyma.01G171900/Glyma.04G008300/Glyma.04G030400/Glyma.06G030500/Glyma.09G262400/Glyma.10G059500/Glyma.11G071300/Glyma.11G223700/Glyma.12G037400/Glyma.13G146200/Glyma.14G218800/Glyma.16G168000/Glyma.17G257800/Glyma.18G034400/Glyma.18G193600/Glyma.18G296300,16,cluster 3
3,gmx00620,Pyruvate metabolism,21/565,162/7555,0.009068962,0.070608344,0.058641406,Glyma.01G146300/Glyma.05G141000/Glyma.06G277500/Glyma.07G049600/Glyma.07G185400/Glyma.07G253700/Glyma.08G063800/Glyma.08G096300/Glyma.09G004300/Glyma.09G070300/Glyma.10G205500/Glyma.13G142500/Glyma.13G270400/Glyma.14G152100/Glyma.15G028900/Glyma.15G108400/Glyma.15G178400/Glyma.16G018300/Glyma.16G131700/Glyma.18G045900/Glyma.18G195900,21,cluster 3
3,gmx00650,Butanoate metabolism,8/565,43/7555,0.013077311,0.09012151,0.074847415,Glyma.06G169700/Glyma.07G059800/Glyma.08G126100/Glyma.09G168900/Glyma.13G349100/Glyma.14G211100/Glyma.16G028700/Glyma.16G218500,8,cluster 3
3,gmx00250,"Alanine, aspartate and glutamate metabolism",13/565,88/7555,0.013228845,0.09012151,0.074847415,Glyma.01G026700/Glyma.02G038100/Glyma.03G040600/Glyma.05G018300/Glyma.05G046900/Glyma.08G086000/Glyma.08G302600/Glyma.09G168900/Glyma.11G171400/Glyma.13G210800/Glyma.14G211100/Glyma.16G218500/Glyma.18G061100,13,cluster 3
3,gmx00561,Glycerolipid metabolism,16/565,124/7555,0.021950913,0.133080325,0.110525427,Glyma.05G022500/Glyma.06G144100/Glyma.07G146800/Glyma.09G070300/Glyma.09G207900/Glyma.12G045700/Glyma.13G093100/Glyma.13G118300/Glyma.14G152100/Glyma.15G012500/Glyma.15G178400/Glyma.16G131700/Glyma.16G209800/Glyma.18G025500/Glyma.18G187600/Glyma.18G197600,16,cluster 3
3,gmx00906,Carotenoid biosynthesis,9/565,56/7555,0.021976567,0.133080325,0.110525427,Glyma.01G154900/Glyma.02G272400/Glyma.08G306200/Glyma.09G252800/Glyma.10G062900/Glyma.14G031200/Glyma.16G179100/Glyma.18G239900/Glyma.19G251000,9,cluster 3
3,gmx04070,Phosphatidylinositol signaling system,14/565,107/7555,0.027728903,0.159076341,0.132115551,Glyma.02G257200/Glyma.04G088000/Glyma.05G022500/Glyma.05G132200/Glyma.09G011100/Glyma.10G183200/Glyma.10G218400/Glyma.13G093100/Glyma.13G114800/Glyma.14G059200/Glyma.14G164700/Glyma.15G046400/Glyma.15G115500/Glyma.20G048900,14,cluster 3
3,gmx00030,Pentose phosphate pathway,13/565,99/7555,0.032310526,0.176092369,0.146247646,Glyma.01G062000/Glyma.04G008300/Glyma.05G025300/Glyma.07G013800/Glyma.08G044100/Glyma.12G037400/Glyma.14G162000/Glyma.15G136200/Glyma.16G168000/Glyma.17G101700/Glyma.18G193600/Glyma.19G226700/Glyma.20G243500,13,cluster 3
3,gmx01230,Biosynthesis of amino acids,38/565,378/7555,0.036023647,0.186979881,0.155289906,Glyma.01G026700/Glyma.01G194700/Glyma.02G038100/Glyma.02G217100/Glyma.04G008300/Glyma.04G157000/Glyma.04G219200/Glyma.05G025300/Glyma.05G046900/Glyma.06G169700/Glyma.07G137300/Glyma.08G126100/Glyma.08G165500/Glyma.08G223300/Glyma.08G274400/Glyma.09G235400/Glyma.10G059500/Glyma.10G144300/Glyma.11G084100/Glyma.11G171400/Glyma.12G037400/Glyma.12G210000/Glyma.13G140700/Glyma.13G146200/Glyma.13G148600/Glyma.13G210800/Glyma.14G001900/Glyma.15G136200/Glyma.15G190500/Glyma.15G261900/Glyma.16G027700/Glyma.16G118800/Glyma.17G101700/Glyma.18G023100/Glyma.18G061100/Glyma.18G150000/Glyma.19G114500/Glyma.20G243500,38,cluster 3
3,gmx00603,Glycosphingolipid biosynthesis - globo and isoglobo series,3/565,Nov-55,0.043660047,0.208639963,0.173278965,Glyma.06G144100/Glyma.10G290900/Glyma.16G209800,3,cluster 3
3,gmx00040,Pentose and glucuronate interconversions,11/565,83/7555,0.044024946,0.208639963,0.173278965,Glyma.05G025300/Glyma.08G356800/Glyma.10G125000/Glyma.14G210700/Glyma.17G101700/Glyma.17G126500/Glyma.18G175300/Glyma.18G187600/Glyma.18G265100/Glyma.19G231300/Glyma.20G077300,11,cluster 3
3,gmx00920,Sulfur metabolism,8/565,56/7555,0.055050316,0.250020187,0.207645931,Glyma.05G132200/Glyma.09G235400/Glyma.11G047900/Glyma.11G084100/Glyma.13G051000/Glyma.16G027700/Glyma.16G040900/Glyma.16G118800,8,cluster 3
3,gmx00410,beta-Alanine metabolism,11/565,87/7555,0.058573397,0.25538001,0.212097352,Glyma.09G070300/Glyma.09G168900/Glyma.14G152100/Glyma.14G211100/Glyma.15G058900/Glyma.15G111500/Glyma.15G169600/Glyma.15G178400/Glyma.16G131700/Glyma.16G218500/Glyma.20G145300,11,cluster 3
3,gmx00430,Taurine and hypotaurine metabolism,3/565,13/7555,0.06773926,0.283983821,0.235853294,Glyma.09G168900/Glyma.14G211100/Glyma.16G218500,3,cluster 3
3,gmx00531,Glycosaminoglycan degradation,4/565,23/7555,0.088180402,0.355987547,0.295653588,Glyma.09G091100/Glyma.10G290900/Glyma.15G197800/Glyma.18G298500,4,cluster 3
3,gmx00450,Selenocompound metabolism,4/565,26/7555,0.125235753,0.470713692,0.390935562,Glyma.02G185300/Glyma.09G235400/Glyma.13G051000/Glyma.19G114500,4,cluster 3
3,gmx00904,Diterpenoid biosynthesis,4/565,26/7555,0.125235753,0.470713692,0.390935562,Glyma.03G154700/Glyma.10G241100/Glyma.15G135200/Glyma.16G089700,4,cluster 3
3,gmx04075,Plant hormone signal transduction,40/565,447/7555,0.131227533,0.476793372,0.395984838,Glyma.01G019400/Glyma.01G098000/Glyma.02G000500/Glyma.02G069400/Glyma.02G087000/Glyma.02G131700/Glyma.02G142500/Glyma.02G250200/Glyma.03G158700/Glyma.04G039300/Glyma.04G042900/Glyma.04G089900/Glyma.04G254800/Glyma.05G197700/Glyma.06G043400/Glyma.06G091700/Glyma.06G126100/Glyma.07G051700/Glyma.07G173700/Glyma.07G253100/Glyma.08G036400/Glyma.08G133600/Glyma.08G155500/Glyma.08G273500/Glyma.08G303900/Glyma.09G193000/Glyma.09G203300/Glyma.10G157800/Glyma.10G180100/Glyma.10G223800/Glyma.11G216500/Glyma.11G222600/Glyma.14G007100/Glyma.14G066400/Glyma.14G086200/Glyma.14G185400/Glyma.17G237800/Glyma.18G115700/Glyma.19G161100/Glyma.20G091200,40,cluster 3
3,gmx00670,One carbon pool by folate,5/565,37/7555,0.139182957,0.489385235,0.40644259,Glyma.02G217100/Glyma.07G262100/Glyma.08G274400/Glyma.17G012000/Glyma.18G150000,5,cluster 3
3,gmx00590,Arachidonic acid metabolism,4/565,29/7555,0.167683878,0.57117321,0.474368866,Glyma.01G219502/Glyma.08G013800/Glyma.19G154100/Glyma.20G244100,4,cluster 3
3,gmx00520,Amino sugar and nucleotide sugar metabolism,20/565,215/7555,0.182009031,0.601181344,0.499291121,Glyma.01G139500/Glyma.01G215400/Glyma.02G304500/Glyma.06G011700/Glyma.07G269900/Glyma.08G044100/Glyma.09G262400/Glyma.10G290900/Glyma.11G141300/Glyma.11G223700/Glyma.14G009300/Glyma.14G210700/Glyma.14G218800/Glyma.17G003900/Glyma.17G257800/Glyma.18G034400/Glyma.18G265100/Glyma.18G296300/Glyma.19G124600/Glyma.19G244700,20,cluster 3
3,gmx00564,Glycerophospholipid metabolism,15/565,157/7555,0.195201177,0.617939331,0.513208908,Glyma.05G022500/Glyma.05G246500/Glyma.06G169100/Glyma.07G102700/Glyma.07G146800/Glyma.08G181200/Glyma.09G051200/Glyma.09G207900/Glyma.10G107100/Glyma.10G183200/Glyma.12G045700/Glyma.13G093100/Glyma.14G002900/Glyma.15G010800/Glyma.20G040600,15,cluster 3
3,gmx00290,"Valine, leucine and isoleucine biosynthesis",4/565,31/7555,0.198420886,0.617939331,0.513208908,Glyma.06G169700/Glyma.08G126100/Glyma.12G210000/Glyma.13G148600,4,cluster 3
3,gmx01040,Biosynthesis of unsaturated fatty acids,4/565,32/7555,0.214386864,0.631572114,0.524531161,Glyma.02G273300/Glyma.08G279700/Glyma.11G245600/Glyma.18G146900,4,cluster 3
3,gmx04933,AGE-RAGE signaling pathway in diabetic complications,4/565,32/7555,0.214386864,0.631572114,0.524531161,Glyma.02G257200/Glyma.12G032700/Glyma.13G293100/Glyma.14G059200,4,cluster 3
3,gmx04145,Phagosome,14/565,149/7555,0.223235838,0.640334377,0.531808367,Glyma.01G197500/Glyma.04G023900/Glyma.05G110200/Glyma.05G126100/Glyma.06G223700/Glyma.09G026100/Glyma.10G218400/Glyma.11G044200/Glyma.12G032700/Glyma.13G114800/Glyma.13G293100/Glyma.14G151400/Glyma.15G132200/Glyma.19G127700,14,cluster 3
3,gmx00220,Arginine biosynthesis,6/565,57/7555,0.251722376,0.70288171,0.58375497,Glyma.01G026700/Glyma.01G194700/Glyma.02G038100/Glyma.05G046900/Glyma.05G146000/Glyma.13G210800,6,cluster 3
3,gmx00052,Galactose metabolism,8/565,81/7555,0.257938242,0.70288171,0.58375497,Glyma.06G144100/Glyma.08G044100/Glyma.09G239800/Glyma.14G210700/Glyma.14G218800/Glyma.16G209800/Glyma.17G257800/Glyma.U031515,8,cluster 3
3,gmx00780,Biotin metabolism,3/565,24/7555,0.26554614,0.705964127,0.586314968,Glyma.08G084300/Glyma.13G112700/Glyma.18G009200,3,cluster 3
3,gmx00480,Glutathione metabolism,13/565,144/7555,0.279660634,0.725785931,0.602777306,Glyma.01G040000/Glyma.01G219502/Glyma.02G209000/Glyma.07G013800/Glyma.08G013800/Glyma.11G216400/Glyma.14G177200/Glyma.18G190300/Glyma.19G077800/Glyma.19G154100/Glyma.19G226700/Glyma.19G237700/Glyma.20G240300,13,cluster 3
3,gmx00020,Citrate cycle (TCA cycle),9/565,96/7555,0.289373091,0.733527137,0.609206507,Glyma.02G057400/Glyma.05G141000/Glyma.07G049600/Glyma.07G185400/Glyma.07G239700/Glyma.08G063800/Glyma.08G096300/Glyma.14G001900/Glyma.16G018300,9,cluster 3
3,gmx00190,Oxidative phosphorylation,16/565,184/7555,0.300712679,0.744947318,0.618691157,Glyma.02G057400/Glyma.03G262600/Glyma.04G066000/Glyma.04G075100/Glyma.05G048000/Glyma.06G067400/Glyma.06G076100/Glyma.06G189900/Glyma.13G204800/Glyma.14G151400/Glyma.15G107900/Glyma.15G118700/Glyma.17G096100/Glyma.17G130100/Glyma.19G173600/Glyma.20G079400,16,cluster 3
3,gmx00660,C5-Branched dibasic acid metabolism,2/565,15/7555,0.310550916,0.752223329,0.624734006,Glyma.06G169700/Glyma.08G126100,2,cluster 3
3,gmx00062,Fatty acid elongation,4/565,39/7555,0.333141623,0.769445348,0.639037179,Glyma.02G273300/Glyma.08G279700/Glyma.11G245600/Glyma.18G146900,4,cluster 3
3,gmx00071,Fatty acid degradation,8/565,88/7555,0.336168953,0.769445348,0.639037179,Glyma.02G274000/Glyma.03G168700/Glyma.05G151200/Glyma.09G070300/Glyma.14G152100/Glyma.15G178400/Glyma.16G131700/Glyma.19G170100,8,cluster 3
3,gmx00905,Brassinosteroid biosynthesis,2/565,16/7555,0.338838318,0.769445348,0.639037179,Glyma.07G039800/Glyma.17G118100,2,cluster 3
3,gmx00340,Histidine metabolism,4/565,41/7555,0.368062876,0.818752111,0.679987268,Glyma.09G070300/Glyma.14G152100/Glyma.15G178400/Glyma.16G131700,4,cluster 3
3,gmx01212,Fatty acid metabolism,9/565,105/7555,0.385746282,0.840926896,0.698403796,Glyma.02G273300/Glyma.05G151200/Glyma.08G084300/Glyma.08G279700/Glyma.11G245600/Glyma.13G112700/Glyma.18G009200/Glyma.18G146900/Glyma.18G195900,9,cluster 3
3,gmx00360,Phenylalanine metabolism,4/565,43/7555,0.402873698,0.861043786,0.715111208,Glyma.10G155400/Glyma.18G207200/Glyma.20G145300/Glyma.20G232900,4,cluster 3
3,gmx04130,SNARE interactions in vesicular transport,6/565,70/7555,0.426865388,0.894294485,0.742726467,Glyma.06G073900/Glyma.06G196300/Glyma.10G034800/Glyma.10G051400/Glyma.12G091300/Glyma.16G154200,6,cluster 3
3,gmx00903,Limonene and pinene degradation,2/565,20/7555,0.447366806,0.894294485,0.742726467,Glyma.14G152100/Glyma.16G131700,2,cluster 3
3,gmx00100,Steroid biosynthesis,4/565,46/7555,0.454334149,0.894294485,0.742726467,Glyma.06G049500/Glyma.06G171500/Glyma.10G090500/Glyma.13G044800,4,cluster 3
3,gmx00460,Cyanoamino acid metabolism,6/565,73/7555,0.467474282,0.894294485,0.742726467,Glyma.02G217100/Glyma.05G018300/Glyma.08G274400/Glyma.15G106000/Glyma.18G150000/Glyma.19G113600,6,cluster 3
3,gmx00270,Cysteine and methionine metabolism,13/565,166/7555,0.473558609,0.894294485,0.742726467,Glyma.03G040600/Glyma.07G185400/Glyma.08G063800/Glyma.08G223300/Glyma.09G235400/Glyma.10G144300/Glyma.11G084100/Glyma.15G190500/Glyma.16G027700/Glyma.16G118800/Glyma.19G114500/Glyma.19G237700/Glyma.20G150100,13,cluster 3
3,gmx04712,Circadian rhythm - plant,7/565,87/7555,0.477956746,0.894294485,0.742726467,Glyma.07G049400/Glyma.11G050000/Glyma.13G089200/Glyma.14G174200/Glyma.19G260400/Glyma.20G091200/Glyma.20G170000,7,cluster 3
3,gmx00350,Tyrosine metabolism,5/565,61/7555,0.484091411,0.894294485,0.742726467,Glyma.02G274000/Glyma.03G168700/Glyma.18G207200/Glyma.19G170100/Glyma.20G145300,5,cluster 3
3,gmx01210,2-Oxocarboxylic acid metabolism,7/565,88/7555,0.490210012,0.894294485,0.742726467,Glyma.01G026700/Glyma.01G194700/Glyma.02G038100/Glyma.06G169700/Glyma.08G126100/Glyma.12G210000/Glyma.14G001900,7,cluster 3
3,gmx00600,Sphingolipid metabolism,3/565,35/7555,0.492272193,0.894294485,0.742726467,Glyma.06G144100/Glyma.14G009700/Glyma.16G209800,3,cluster 3
3,gmx00910,Nitrogen metabolism,3/565,37/7555,0.530262293,0.934906687,0.776455578,Glyma.03G128300/Glyma.13G210800/Glyma.19G130800,3,cluster 3
3,gmx00330,Arginine and proline metabolism,8/565,105/7555,0.531781785,0.934906687,0.776455578,Glyma.07G137300/Glyma.09G070300/Glyma.10G155400/Glyma.14G152100/Glyma.15G169600/Glyma.15G178400/Glyma.16G131700/Glyma.20G232900,8,cluster 3
3,gmx00061,Fatty acid biosynthesis,5/565,66/7555,0.555355385,0.960852967,0.798004396,Glyma.05G151200/Glyma.08G084300/Glyma.13G112700/Glyma.18G009200/Glyma.18G195900,5,cluster 3
3,gmx00130,Ubiquinone and other terpenoid-quinone biosynthesis,5/565,69/7555,0.595702754,0.999999993,0.830516653,Glyma.01G104100/Glyma.02G002000/Glyma.02G143700/Glyma.02G168000/Glyma.05G195400,5,cluster 3
3,gmx00790,Folate biosynthesis,3/565,45/7555,0.664687426,0.999999993,0.830516653,Glyma.02G087800/Glyma.08G347400/Glyma.20G179400,3,cluster 3
3,gmx00310,Lysine degradation,4/565,60/7555,0.666318462,0.999999993,0.830516653,Glyma.09G070300/Glyma.14G152100/Glyma.15G178400/Glyma.16G131700,4,cluster 3
3,gmx00280,"Valine, leucine and isoleucine degradation",6/565,90/7555,0.674259885,0.999999993,0.830516653,Glyma.03G040600/Glyma.09G070300/Glyma.14G152100/Glyma.15G058900/Glyma.15G178400/Glyma.16G131700,6,cluster 3
3,gmx00770,Pantothenate and CoA biosynthesis,3/565,46/7555,0.679363236,0.999999993,0.830516653,Glyma.06G169700/Glyma.08G126100/Glyma.12G210000,3,cluster 3
3,gmx00511,Other glycan degradation,2/565,31/7555,0.68560856,0.999999993,0.830516653,Glyma.04G200900/Glyma.10G290900,2,cluster 3
3,gmx00230,Purine metabolism,12/565,181/7555,0.710912774,0.999999993,0.830516653,Glyma.01G210800/Glyma.03G216400/Glyma.05G146000/Glyma.08G044100/Glyma.11G047900/Glyma.13G051000/Glyma.13G240500/Glyma.13G240600/Glyma.15G025600/Glyma.15G073000/Glyma.15G203100/Glyma.16G040900,12,cluster 3
3,gmx00261,Monobactam biosynthesis,1/565,16/7555,0.712044787,0.999999993,0.830516653,Glyma.13G051000,1,cluster 3
3,gmx00909,Sesquiterpenoid and triterpenoid biosynthesis,1/565,16/7555,0.712044787,0.999999993,0.830516653,Glyma.06G049500,1,cluster 3
3,gmx00945,"Stilbenoid, diarylheptanoid and gingerol biosynthesis",2/565,35/7555,0.748593238,0.999999993,0.830516653,Glyma.08G311600/Glyma.13G371000,2,cluster 3
3,gmx00592,alpha-Linolenic acid metabolism,4/565,70/7555,0.778724426,0.999999993,0.830516653,Glyma.11G122700/Glyma.12G191400/Glyma.13G047300/Glyma.18G158700,4,cluster 3
3,gmx00730,Thiamine metabolism,2/565,39/7555,0.800426053,0.999999993,0.830516653,Glyma.13G213500/Glyma.15G203100,2,cluster 3
3,gmx00300,Lysine biosynthesis,1/565,21/7555,0.804961991,0.999999993,0.830516653,Glyma.13G140700,1,cluster 3
3,gmx00513,Various types of N-glycan biosynthesis,3/565,60/7555,0.83686123,0.999999993,0.830516653,Glyma.03G108200/Glyma.08G221900/Glyma.10G290900,3,cluster 3
3,gmx04146,Peroxisome,8/565,142/7555,0.843264941,0.999999993,0.830516653,Glyma.05G037400/Glyma.05G151200/Glyma.08G237400/Glyma.08G302600/Glyma.11G192700/Glyma.12G081300/Glyma.15G111500/Glyma.15G250800,8,cluster 3
3,gmx00073,"Cutin, suberine and wax biosynthesis",1/565,24/7555,0.845638221,0.999999993,0.830516653,Glyma.20G188000,1,cluster 3
3,gmx00943,Isoflavonoid biosynthesis,1/565,24/7555,0.845638221,0.999999993,0.830516653,Glyma.16G175600,1,cluster 3
3,gmx00900,Terpenoid backbone biosynthesis,4/565,79/7555,0.852192956,0.999999993,0.830516653,Glyma.05G026200/Glyma.13G213500/Glyma.17G100700/Glyma.20G058000,4,cluster 3
3,gmx00640,Propanoate metabolism,3/565,63/7555,0.860283614,0.999999993,0.830516653,Glyma.15G058900/Glyma.15G111500/Glyma.18G195900,3,cluster 3
3,gmx00565,Ether lipid metabolism,2/565,46/7555,0.868683081,0.999999993,0.830516653,Glyma.06G169100/Glyma.20G040600,2,cluster 3
3,gmx04136,Autophagy - other,3/565,66/7555,0.880705947,0.999999993,0.830516653,Glyma.05G155300/Glyma.08G113200/Glyma.17G013000,3,cluster 3
3,gmx00950,Isoquinoline alkaloid biosynthesis,1/565,31/7555,0.910595938,0.999999993,0.830516653,Glyma.20G145300,1,cluster 3
3,gmx00960,"Tropane, piperidine and pyridine alkaloid biosynthesis",1/565,32/7555,0.91730956,0.999999993,0.830516653,Glyma.20G145300,1,cluster 3
3,gmx00400,"Phenylalanine, tyrosine and tryptophan biosynthesis",2/565,59/7555,0.941867713,0.999999993,0.830516653,Glyma.04G219200/Glyma.18G023100,2,cluster 3
3,gmx00510,N-Glycan biosynthesis,3/565,80/7555,0.944881239,0.999999993,0.830516653,Glyma.03G108200/Glyma.08G132300/Glyma.08G221900,3,cluster 3
3,gmx04144,Endocytosis,15/565,288/7555,0.952106084,0.999999993,0.830516653,Glyma.03G259200/Glyma.05G052500/Glyma.07G052800/Glyma.09G083700/Glyma.10G145100/Glyma.11G140500/Glyma.12G064000/Glyma.14G164700/Glyma.15G046400/Glyma.18G015700/Glyma.18G289100/Glyma.19G006400/Glyma.19G233300/Glyma.19G258000/Glyma.20G171800,15,cluster 3
3,gmx00563,Glycosylphosphatidylinositol (GPI)-anchor biosynthesis,1/565,40/7555,0.955733941,0.999999993,0.830516653,Glyma.19G133702,1,cluster 3
3,gmx02010,ABC transporters,1/565,40/7555,0.955733941,0.999999993,0.830516653,Glyma.08G000800,1,cluster 3
3,gmx00760,Nicotinate and nicotinamide metabolism,1/565,41/7555,0.959061995,0.999999993,0.830516653,Glyma.15G025600,1,cluster 3
3,gmx00240,Pyrimidine metabolism,4/565,107/7555,0.963916825,0.999999993,0.830516653,Glyma.02G302900/Glyma.03G102700/Glyma.08G086000/Glyma.15G025600,4,cluster 3
3,gmx00941,Flavonoid biosynthesis,2/565,67/7555,0.965434547,0.999999993,0.830516653,Glyma.08G311600/Glyma.13G371000,2,cluster 3
3,gmx00970,Aminoacyl-tRNA biosynthesis,3/565,90/7555,0.969156461,0.999999993,0.830516653,Glyma.03G183400/Glyma.06G001100/Glyma.08G047100,3,cluster 3
3,gmx04626,Plant-pathogen interaction,13/565,280/7555,0.980414355,0.999999993,0.830516653,Glyma.04G188700/Glyma.06G027700/Glyma.06G176900/Glyma.08G241600/Glyma.10G087100/Glyma.10G217000/Glyma.11G021000/Glyma.11G217200/Glyma.12G133700/Glyma.13G344200/Glyma.18G263900/Glyma.19G220300/Glyma.20G048900,13,cluster 3
3,gmx04016,MAPK signaling pathway - plant,10/565,229/7555,0.980716941,0.999999993,0.830516653,Glyma.02G250200/Glyma.05G197700/Glyma.06G126100/Glyma.08G133600/Glyma.11G222600/Glyma.14G066400/Glyma.14G098600/Glyma.17G226100/Glyma.20G048900/Glyma.20G151800,10,cluster 3
3,gmx00940,Phenylpropanoid biosynthesis,9/565,214/7555,0.982756073,0.999999993,0.830516653,Glyma.02G105300/Glyma.05G125800/Glyma.07G260300/Glyma.08G311600/Glyma.13G307000/Glyma.13G371000/Glyma.15G106000/Glyma.17G013600/Glyma.19G113600,9,cluster 3
3,gmx03410,Base excision repair,1/565,62/7555,0.992089363,0.999999993,0.830516653,Glyma.04G033700,1,cluster 3
3,gmx03060,Protein export,2/565,89/7555,0.992137175,0.999999993,0.830516653,Glyma.03G196900/Glyma.06G223700,2,cluster 3
3,gmx03020,RNA polymerase,1/565,63/7555,0.992685854,0.999999993,0.830516653,Glyma.09G230700,1,cluster 3
3,gmx03018,RNA degradation,6/565,180/7555,0.994096105,0.999999993,0.830516653,Glyma.03G213600/Glyma.04G157000/Glyma.07G040900/Glyma.08G175900/Glyma.15G271200/Glyma.19G210402,6,cluster 3
3,gmx03030,DNA replication,1/565,67/7555,0.99465528,0.999999993,0.830516653,Glyma.15G154900,1,cluster 3
3,gmx04120,Ubiquitin mediated proteolysis,7/565,204/7555,0.995302333,0.999999993,0.830516653,Glyma.04G242700/Glyma.05G035700/Glyma.10G051100/Glyma.10G052000/Glyma.13G139400/Glyma.17G133000/Glyma.19G072800,7,cluster 3
3,gmx04141,Protein processing in endoplasmic reticulum,12/565,334/7555,0.999152716,0.999999993,0.830516653,Glyma.02G244300/Glyma.06G223700/Glyma.07G196000/Glyma.08G221900/Glyma.11G140500/Glyma.12G013100/Glyma.12G064000/Glyma.13G143600/Glyma.13G176500/Glyma.13G179900/Glyma.18G090700/Glyma.18G289100,12,cluster 3
3,gmx03015,mRNA surveillance pathway,5/565,201/7555,0.999466788,0.999999993,0.830516653,Glyma.05G155300/Glyma.06G073000/Glyma.08G113200/Glyma.15G271200/Glyma.17G120300,5,cluster 3
3,gmx03040,Spliceosome,8/565,322/7555,0.999979523,0.999999993,0.830516653,Glyma.02G162000/Glyma.03G017200/Glyma.03G213600/Glyma.09G104200/Glyma.11G140500/Glyma.12G064000/Glyma.18G289100/Glyma.19G210402,8,cluster 3
3,gmx03008,Ribosome biogenesis in eukaryotes,1/565,140/7555,0.999983089,0.999999993,0.830516653,Glyma.11G050000,1,cluster 3
3,gmx03013,RNA transport,2/565,278/7555,0.999999993,0.999999993,0.830516653,Glyma.15G271200/Glyma.18G090700,2,cluster 3
4,gmx00480,Glutathione metabolism,16/167,144/7555,9.39E-08,7.32E-06,6.32E-06,Glyma.01G106000/Glyma.01G219400/Glyma.03G073702/Glyma.06G193500/Glyma.07G139900/Glyma.07G140100/Glyma.07G140400/Glyma.08G306800/Glyma.10G047700/Glyma.13G129000/Glyma.14G211000/Glyma.15G251500/Glyma.15G252200/Glyma.16G063200/Glyma.19G082300/Glyma.20G101100,16,cluster 4
4,gmx04016,MAPK signaling pathway - plant,19/167,229/7555,6.03E-07,2.35E-05,2.03E-05,Glyma.01G128100/Glyma.02G208500/Glyma.03G088800/Glyma.03G236300/Glyma.05G128200/Glyma.07G155500/Glyma.08G018000/Glyma.08G018300/Glyma.08G083300/Glyma.09G172500/Glyma.10G152200/Glyma.11G150452/Glyma.12G073000/Glyma.14G200200/Glyma.15G062500/Glyma.17G034900/Glyma.18G206000/Glyma.18G260700/Glyma.19G160100,19,cluster 4
4,gmx04626,Plant-pathogen interaction,19/167,280/7555,1.20E-05,3.11E-04,2.69E-04,Glyma.01G010500/Glyma.01G128100/Glyma.03G236300/Glyma.05G128200/Glyma.08G018300/Glyma.08G083300/Glyma.08G227200/Glyma.10G152200/Glyma.11G150452/Glyma.12G073000/Glyma.13G233900/Glyma.14G200200/Glyma.14G205600/Glyma.15G062500/Glyma.15G079100/Glyma.17G034900/Glyma.18G260700/Glyma.19G160100/Glyma.20G054500,19,cluster 4
4,gmx00941,Flavonoid biosynthesis,7/167,67/7555,6.48E-04,0.012640333,0.010917427,Glyma.02G158700/Glyma.04G222400/Glyma.05G021900/Glyma.06G143000/Glyma.06G202300/Glyma.10G292200/Glyma.20G241500,7,cluster 4
4,gmx00010,Glycolysis / Gluconeogenesis,13/167,234/7555,0.00197365,0.028162273,0.02432369,Glyma.01G007300/Glyma.01G102600/Glyma.02G034000/Glyma.03G066800/Glyma.04G240800/Glyma.05G058100/Glyma.06G122600/Glyma.07G124500/Glyma.07G153100/Glyma.12G015300/Glyma.13G231700/Glyma.14G042000/Glyma.18G009700,13,cluster 4
4,gmx00350,Tyrosine metabolism,6/167,61/7555,0.002166329,0.028162273,0.02432369,Glyma.01G131100/Glyma.04G240800/Glyma.06G122600/Glyma.12G015300/Glyma.14G042000/Glyma.15G276400,6,cluster 4
4,gmx00908,Zeatin biosynthesis,4/167,27/7555,0.002716912,0.030274168,0.026147729,Glyma.03G187500/Glyma.03G187700/Glyma.19G187100/Glyma.19G187400,4,cluster 4
4,gmx00960,"Tropane, piperidine and pyridine alkaloid biosynthesis",4/167,32/7555,0.005110005,0.049822545,0.043031618,Glyma.01G131100/Glyma.11G222300/Glyma.15G276400/Glyma.18G035100,4,cluster 4
4,gmx00270,Cysteine and methionine metabolism,9/167,166/7555,0.011141277,0.096557734,0.083396693,Glyma.01G131100/Glyma.02G299100/Glyma.05G058100/Glyma.08G018000/Glyma.08G050400/Glyma.08G255800/Glyma.09G258000/Glyma.14G014700/Glyma.14G049000,9,cluster 4
4,gmx00071,Fatty acid degradation,6/167,88/7555,0.012993622,0.101350251,0.087535979,Glyma.02G034000/Glyma.04G240800/Glyma.06G122600/Glyma.12G015300/Glyma.14G042000/Glyma.20G060300,6,cluster 4
4,gmx00943,Isoflavonoid biosynthesis,3/167,24/7555,0.015267765,0.108262336,0.093505931,Glyma.07G202300/Glyma.13G056100/Glyma.13G173500,3,cluster 4
4,gmx00592,alpha-Linolenic acid metabolism,5/167,70/7555,0.018958069,0.120228662,0.10384122,Glyma.01G086900/Glyma.03G264300/Glyma.04G240800/Glyma.06G122600/Glyma.19G057500,5,cluster 4
4,gmx00940,Phenylpropanoid biosynthesis,10/167,214/7555,0.02003811,0.120228662,0.10384122,Glyma.06G275900/Glyma.07G100500/Glyma.09G022400/Glyma.10G058200/Glyma.10G222400/Glyma.11G058100/Glyma.11G072000/Glyma.12G101200/Glyma.15G129100/Glyma.17G163200,10,cluster 4
4,gmx00920,Sulfur metabolism,4/167,56/7555,0.034754192,0.193630496,0.167238215,Glyma.02G299100/Glyma.07G261500/Glyma.09G258000/Glyma.14G014700,4,cluster 4
4,gmx00561,Glycerolipid metabolism,6/167,124/7555,0.056443851,0.281628844,0.243242187,Glyma.01G102600/Glyma.02G034000/Glyma.03G066800/Glyma.09G115800/Glyma.14G077500/Glyma.20G240600,6,cluster 4
4,gmx02010,ABC transporters,3/167,40/7555,0.057770019,0.281628844,0.243242187,Glyma.10G227400/Glyma.13G119000/Glyma.20G165000,3,cluster 4
4,gmx01200,Carbon metabolism,15/167,444/7555,0.065889104,0.298271222,0.25761617,Glyma.01G007300/Glyma.01G131100/Glyma.02G299100/Glyma.04G086300/Glyma.05G227400/Glyma.07G124500/Glyma.09G258000/Glyma.12G015300/Glyma.14G014700/Glyma.14G042000/Glyma.14G211000/Glyma.16G063200/Glyma.18G009700/Glyma.19G009000/Glyma.19G082300,15,cluster 4
4,gmx00360,Phenylalanine metabolism,3/167,43/7555,0.068831821,0.298271222,0.25761617,Glyma.01G131100/Glyma.10G058200/Glyma.15G276400,3,cluster 4
4,gmx00100,Steroid biosynthesis,3/167,46/7555,0.080775607,0.331605123,0.286406584,Glyma.07G185500/Glyma.13G217400/Glyma.15G095000,3,cluster 4
4,gmx04070,Phosphatidylinositol signaling system,5/167,107/7555,0.08786924,0.342690034,0.295980596,Glyma.03G186300/Glyma.17G034900/Glyma.18G260700/Glyma.19G160100/Glyma.20G170500,5,cluster 4
4,gmx00860,Porphyrin and chlorophyll metabolism,4/167,89/7555,0.133846401,0.497143777,0.42938194,Glyma.04G050400/Glyma.07G184700/Glyma.08G064700/Glyma.08G150800,4,cluster 4
4,gmx00950,Isoquinoline alkaloid biosynthesis,2/167,31/7555,0.149207506,0.52900843,0.456903367,Glyma.01G131100/Glyma.15G276400,2,cluster 4
4,gmx00740,Riboflavin metabolism,2/167,33/7555,0.164786889,0.558842492,0.482670978,Glyma.08G177300/Glyma.15G055700,2,cluster 4
4,gmx00910,Nitrogen metabolism,2/167,37/7555,0.19670393,0.639287772,0.552151382,Glyma.07G212800/Glyma.18G138400,2,cluster 4
4,gmx00710,Carbon fixation in photosynthetic organisms,4/167,113/7555,0.239882327,0.740568226,0.639627078,Glyma.01G131100/Glyma.04G086300/Glyma.05G227400/Glyma.18G009700,4,cluster 4
4,gmx00900,Terpenoid backbone biosynthesis,3/167,79/7555,0.253871615,0.740568226,0.639627078,Glyma.05G037500/Glyma.18G148700/Glyma.18G242300,3,cluster 4
4,gmx00790,Folate biosynthesis,2/167,45/7555,0.262224547,0.740568226,0.639627078,Glyma.08G177300/Glyma.15G055700,2,cluster 4
4,gmx00052,Galactose metabolism,3/167,81/7555,0.265845004,0.740568226,0.639627078,Glyma.01G007300/Glyma.07G124500/Glyma.15G133600,3,cluster 4
4,gmx00040,Pentose and glucuronate interconversions,3/167,83/7555,0.277886018,0.747417564,0.645542836,Glyma.01G102600/Glyma.03G066800/Glyma.05G022600,3,cluster 4
4,gmx00909,Sesquiterpenoid and triterpenoid biosynthesis,1/167,16/7555,0.300926971,0.782410125,0.67576583,Glyma.07G185500,1,cluster 4
4,gmx00500,Starch and sucrose metabolism,7/167,249/7555,0.312310778,0.785814215,0.678705935,Glyma.01G007300/Glyma.04G119700/Glyma.06G184200/Glyma.06G318400/Glyma.07G100500/Glyma.07G124500/Glyma.15G133600,7,cluster 4
4,gmx00520,Amino sugar and nucleotide sugar metabolism,6/167,215/7555,0.339503066,0.827538724,0.714743297,Glyma.01G007300/Glyma.05G022600/Glyma.07G124500/Glyma.10G227700/Glyma.16G173000/Glyma.17G217000,6,cluster 4
4,gmx00903,Limonene and pinene degradation,1/167,20/7555,0.360852569,0.831338749,0.71802537,Glyma.02G034000,1,cluster 4
4,gmx00400,"Phenylalanine, tyrosine and tryptophan biosynthesis",2/167,59/7555,0.37624685,0.831338749,0.71802537,Glyma.01G131100/Glyma.02G208400,2,cluster 4
4,gmx04146,Peroxisome,4/167,142/7555,0.38442826,0.831338749,0.71802537,Glyma.02G238800/Glyma.14G207700/Glyma.14G211000/Glyma.20G060300,4,cluster 4
4,gmx04075,Plant hormone signal transduction,11/167,447/7555,0.40127929,0.831338749,0.71802537,Glyma.01G137500/Glyma.02G208500/Glyma.03G149400/Glyma.07G155500/Glyma.09G071600/Glyma.13G095200/Glyma.13G112000/Glyma.15G062500/Glyma.17G065100/Glyma.17G256500/Glyma.18G206000,11,cluster 4
4,gmx00380,Tryptophan metabolism,2/167,63/7555,0.407663223,0.831338749,0.71802537,Glyma.02G034000/Glyma.11G089300,2,cluster 4
4,gmx00330,Arginine and proline metabolism,3/167,105/7555,0.411018889,0.831338749,0.71802537,Glyma.01G131100/Glyma.02G034000/Glyma.08G255800,3,cluster 4
4,gmx00780,Biotin metabolism,1/167,24/7555,0.415669375,0.831338749,0.71802537,Glyma.16G042000,1,cluster 4
4,gmx00061,Fatty acid biosynthesis,2/167,66/7555,0.430721626,0.839907171,0.725425897,Glyma.16G042000/Glyma.20G060300,2,cluster 4
4,gmx00590,Arachidonic acid metabolism,1/167,29/7555,0.477662475,0.876895024,0.757372221,Glyma.01G219400,1,cluster 4
4,gmx00460,Cyanoamino acid metabolism,2/167,73/7555,0.4826002,0.876895024,0.757372221,Glyma.07G100500/Glyma.09G258000,2,cluster 4
4,gmx00620,Pyruvate metabolism,4/167,162/7555,0.483416488,0.876895024,0.757372221,Glyma.02G034000/Glyma.04G086300/Glyma.05G058100/Glyma.05G227400,4,cluster 4
4,gmx00591,Linoleic acid metabolism,1/167,31/7555,0.50058786,0.887405752,0.766450312,Glyma.03G264300,1,cluster 4
4,gmx00053,Ascorbate and aldarate metabolism,2/167,81/7555,0.538214472,0.892286133,0.770665486,Glyma.02G034000/Glyma.05G022600,2,cluster 4
4,gmx00600,Sphingolipid metabolism,1/167,35/7555,0.543480737,0.892286133,0.770665486,Glyma.08G058400,1,cluster 4
4,gmx03018,RNA degradation,4/167,180/7555,0.566825397,0.892286133,0.770665486,Glyma.11G180500/Glyma.12G093100/Glyma.12G187400/Glyma.13G314100,4,cluster 4
4,gmx00410,beta-Alanine metabolism,2/167,87/7555,0.577162685,0.892286133,0.770665486,Glyma.02G034000/Glyma.15G276400,2,cluster 4
4,gmx00730,Thiamine metabolism,1/167,39/7555,0.582709847,0.892286133,0.770665486,Glyma.18G148700,1,cluster 4
4,gmx00250,"Alanine, aspartate and glutamate metabolism",2/167,88/7555,0.583417856,0.892286133,0.770665486,Glyma.01G131100/Glyma.14G021000,2,cluster 4
4,gmx01210,2-Oxocarboxylic acid metabolism,2/167,88/7555,0.583417856,0.892286133,0.770665486,Glyma.01G131100/Glyma.14G211000,2,cluster 4
4,gmx00340,Histidine metabolism,1/167,41/7555,0.6010488,0.9015732,0.778686705,Glyma.02G034000,1,cluster 4
4,gmx00030,Pentose phosphate pathway,2/167,99/7555,0.647743502,0.90168558,0.778783767,Glyma.16G063200/Glyma.19G082300,2,cluster 4
4,gmx03420,Nucleotide excision repair,2/167,100/7555,0.653186227,0.90168558,0.778783767,Glyma.12G142900/Glyma.13G283600,2,cluster 4
4,gmx01212,Fatty acid metabolism,2/167,105/7555,0.679405025,0.90168558,0.778783767,Glyma.16G042000/Glyma.20G060300,2,cluster 4
4,gmx00564,Glycerophospholipid metabolism,3/167,157/7555,0.679597724,0.90168558,0.778783767,Glyma.09G115800/Glyma.14G077500/Glyma.19G098500,3,cluster 4
4,gmx00240,Pyrimidine metabolism,2/167,107/7555,0.689434157,0.90168558,0.778783767,Glyma.08G264800/Glyma.14G021000,2,cluster 4
4,gmx00051,Fructose and mannose metabolism,2/167,110/7555,0.703995781,0.90168558,0.778783767,Glyma.01G007300/Glyma.07G124500,2,cluster 4
4,gmx00630,Glyoxylate and dicarboxylate metabolism,2/167,111/7555,0.708722721,0.90168558,0.778783767,Glyma.09G138100/Glyma.19G009000,2,cluster 4
4,gmx00906,Carotenoid biosynthesis,1/167,56/7555,0.71531513,0.90168558,0.778783767,Glyma.09G218600,1,cluster 4
4,gmx00220,Arginine biosynthesis,1/167,57/7555,0.721654958,0.90168558,0.778783767,Glyma.01G131100,1,cluster 4
4,gmx00562,Inositol phosphate metabolism,2/167,116/7555,0.73142516,0.90168558,0.778783767,Glyma.03G186300/Glyma.20G170500,2,cluster 4
4,gmx01230,Biosynthesis of amino acids,7/167,378/7555,0.737725143,0.90168558,0.778783767,Glyma.01G131100/Glyma.02G208400/Glyma.02G299100/Glyma.09G258000/Glyma.14G014700/Glyma.14G211000/Glyma.18G009700,7,cluster 4
4,gmx00310,Lysine degradation,1/167,60/7555,0.739844579,0.90168558,0.778783767,Glyma.02G034000,1,cluster 4
4,gmx00640,Propanoate metabolism,1/167,63/7555,0.756852175,0.90822261,0.784429785,Glyma.05G058100,1,cluster 4
4,gmx00190,Oxidative phosphorylation,3/167,184/7555,0.778430678,0.908883189,0.785000325,Glyma.09G056300/Glyma.15G162600/Glyma.17G061800,3,cluster 4
4,gmx00130,Ubiquinone and other terpenoid-quinone biosynthesis,1/167,69/7555,0.787621907,0.908883189,0.785000325,Glyma.12G045300,1,cluster 4
4,gmx04130,SNARE interactions in vesicular transport,1/167,70/7555,0.792359703,0.908883189,0.785000325,Glyma.02G195400,1,cluster 4
4,gmx03008,Ribosome biogenesis in eukaryotes,2/167,140/7555,0.820530538,0.927556261,0.801128215,Glyma.05G038000/Glyma.12G049700,2,cluster 4
4,gmx00195,Photosynthesis,1/167,85/7555,0.852027355,0.939664291,0.811585893,Glyma.20G110800,1,cluster 4
4,gmx03022,Basal transcription factors,1/167,86/7555,0.855335445,0.939664291,0.811585893,Glyma.02G239900,1,cluster 4
4,gmx00280,"Valine, leucine and isoleucine degradation",1/167,90/7555,0.867848642,0.940169362,0.812022121,Glyma.02G034000,1,cluster 4
4,gmx00020,Citrate cycle (TCA cycle),1/167,96/7555,0.884629192,0.945220233,0.816384546,Glyma.14G211000,1,cluster 4
4,gmx00260,"Glycine, serine and threonine metabolism",1/167,107/7555,0.910081489,0.959275083,0.828523688,Glyma.15G276400,1,cluster 4
4,gmx04144,Endocytosis,3/167,288/7555,0.957019747,0.995300537,0.85963879,Glyma.03G186300/Glyma.10G296900/Glyma.12G063200,3,cluster 4
4,gmx04120,Ubiquitin mediated proteolysis,1/167,204/7555,0.990176883,0.99951785,0.863281274,Glyma.08G016100,1,cluster 4
4,gmx03040,Spliceosome,1/167,322/7555,0.999361716,0.99951785,0.863281274,Glyma.13G229300,1,cluster 4
4,gmx04141,Protein processing in endoplasmic reticulum,1/167,334/7555,0.99951785,0.99951785,0.863281274,Glyma.06G317800,1,cluster 4
5,gmx04075,Plant hormone signal transduction,12-Apr,447/7555,0.004088566,0.039497534,0.031182264,Glyma.02G006200/Glyma.10G036700/Glyma.11G233300/Glyma.17G065000,4,cluster 5
5,gmx04016,MAPK signaling pathway - plant,12-Mar,229/7555,0.004937192,0.039497534,0.031182264,Glyma.02G006200/Glyma.10G036700/Glyma.11G233300,3,cluster 5
5,gmx00904,Diterpenoid biosynthesis,12-Jan,26/7555,0.04055336,0.168330245,0.132892299,Glyma.15G093900,1,cluster 5
5,gmx00908,Zeatin biosynthesis,12-Jan,27/7555,0.042082561,0.168330245,0.132892299,Glyma.02G184200,1,cluster 5
5,gmx00941,Flavonoid biosynthesis,12-Jan,67/7555,0.101449639,0.251560842,0.198600665,Glyma.08G109200,1,cluster 5
5,gmx00592,alpha-Linolenic acid metabolism,12-Jan,70/7555,0.105763249,0.251560842,0.198600665,Glyma.19G011700,1,cluster 5
5,gmx00460,Cyanoamino acid metabolism,12-Jan,73/7555,0.110057868,0.251560842,0.198600665,Glyma.11G129700,1,cluster 5
5,gmx04712,Circadian rhythm - plant,12-Jan,87/7555,0.129850563,0.259701126,0.205027205,Glyma.08G109200,1,cluster 5
5,gmx00030,Pentose phosphate pathway,12-Jan,99/7555,0.146493681,0.260433211,0.205605167,Glyma.08G289900,1,cluster 5
5,gmx00480,Glutathione metabolism,12-Jan,144/7555,0.206340278,0.330144445,0.260640351,Glyma.13G129100,1,cluster 5
5,gmx00940,Phenylpropanoid biosynthesis,12-Jan,214/7555,0.291828652,0.42447804,0.335114242,Glyma.11G129700,1,cluster 5
5,gmx00500,Starch and sucrose metabolism,12-Jan,249/7555,0.331328286,0.441771048,0.348766617,Glyma.11G129700,1,cluster 5
5,gmx04144,Endocytosis,12-Jan,288/7555,0.372956337,0.446929459,0.352839047,Glyma.18G287800,1,cluster 5
5,gmx03040,Spliceosome,12-Jan,322/7555,0.407294604,0.446929459,0.352839047,Glyma.18G287800,1,cluster 5
5,gmx04141,Protein processing in endoplasmic reticulum,12-Jan,334/7555,0.418996368,0.446929459,0.352839047,Glyma.18G287800,1,cluster 5
5,gmx01200,Carbon metabolism,12-Jan,444/7555,0.516810618,0.516810618,0.408008383,Glyma.08G289900,1,cluster 5
6,gmx00910,Nitrogen metabolism,6/101,37/7555,8.17E-06,4.17E-04,3.27E-04,Glyma.05G007100/Glyma.13G257200/Glyma.14G181400/Glyma.15G057700/Glyma.15G102000/Glyma.19G007700,6,cluster 6
6,gmx00195,Photosynthesis,7/101,85/7555,1.30E-04,0.003320776,0.00260453,Glyma.02G047600/Glyma.04G249700/Glyma.06G113200/Glyma.10G040600/Glyma.12G169400/Glyma.12G169600/Glyma.12G215100,7,cluster 6
6,gmx00630,Glyoxylate and dicarboxylate metabolism,7/101,111/7555,6.75E-04,0.006871245,0.005389212,Glyma.01G199700/Glyma.08G175800/Glyma.09G202000/Glyma.11G042200/Glyma.15G102000/Glyma.18G116900/Glyma.19G046800,7,cluster 6
6,gmx00710,Carbon fixation in photosynthetic organisms,7/101,113/7555,7.51E-04,0.006871245,0.005389212,Glyma.08G201200/Glyma.11G111100/Glyma.11G111400/Glyma.11G226900/Glyma.12G210600/Glyma.18G030400/Glyma.19G046800,7,cluster 6
6,gmx01200,Carbon metabolism,15/101,444/7555,7.56E-04,0.006871245,0.005389212,Glyma.01G199700/Glyma.02G202500/Glyma.08G138100/Glyma.08G175800/Glyma.08G201200/Glyma.09G202000/Glyma.11G042200/Glyma.11G111100/Glyma.11G111400/Glyma.11G226900/Glyma.12G210600/Glyma.17G075300/Glyma.18G030400/Glyma.18G116900/Glyma.19G046800,15,cluster 6
6,gmx00040,Pentose and glucuronate interconversions,6/101,83/7555,8.08E-04,0.006871245,0.005389212,Glyma.03G137700/Glyma.05G226000/Glyma.06G174700/Glyma.11G244900/Glyma.13G060900/Glyma.18G012200,6,cluster 6
6,gmx00904,Diterpenoid biosynthesis,3/101,26/7555,0.00482296,0.035138706,0.02755977,Glyma.05G130600/Glyma.09G149200/Glyma.20G153400,3,cluster 6
6,gmx00941,Flavonoid biosynthesis,4/101,67/7555,0.012120356,0.076298599,0.059842039,Glyma.02G048400/Glyma.11G027700/Glyma.18G113100/Glyma.19G105100,4,cluster 6
6,gmx00260,"Glycine, serine and threonine metabolism",5/101,107/7555,0.014039112,0.076298599,0.059842039,Glyma.01G199700/Glyma.08G138100/Glyma.09G202000/Glyma.11G042200/Glyma.18G116900,5,cluster 6
6,gmx00730,Thiamine metabolism,3/101,39/7555,0.01496051,0.076298599,0.059842039,Glyma.10G251500/Glyma.18G065700/Glyma.20G142000,3,cluster 6
6,gmx00750,Vitamin B6 metabolism,2/101,24/7555,0.040351884,0.169425681,0.132882887,Glyma.06G133700/Glyma.13G351600,2,cluster 6
6,gmx04146,Peroxisome,5/101,142/7555,0.041205148,0.169425681,0.132882887,Glyma.08G175800/Glyma.10G193500/Glyma.18G116900/Glyma.20G007900/Glyma.20G196900,5,cluster 6
6,gmx00030,Pentose phosphate pathway,4/101,99/7555,0.043186938,0.169425681,0.132882887,Glyma.02G202500/Glyma.11G111100/Glyma.11G111400/Glyma.17G075300,4,cluster 6
6,gmx04141,Protein processing in endoplasmic reticulum,8/101,334/7555,0.077738327,0.283189621,0.222109507,Glyma.04G054400/Glyma.06G054700/Glyma.07G200200/Glyma.07G200300/Glyma.07G200500/Glyma.14G063800/Glyma.19G011400/Glyma.20G015900,8,cluster 6
6,gmx00196,Photosynthesis - antenna proteins,2/101,37/7555,0.087160677,0.296346301,0.232428472,Glyma.11G228800/Glyma.18G028400,2,cluster 6
6,gmx00250,"Alanine, aspartate and glutamate metabolism",3/101,88/7555,0.11320329,0.360835485,0.283008224,Glyma.14G195000/Glyma.15G102000/Glyma.18G116900,3,cluster 6
6,gmx00480,Glutathione metabolism,4/101,144/7555,0.126529299,0.379587897,0.297715998,Glyma.01G040200/Glyma.01G106100/Glyma.01G164700/Glyma.11G212900,4,cluster 6
6,gmx00940,Phenylpropanoid biosynthesis,5/101,214/7555,0.158023458,0.44773313,0.35116324,Glyma.03G032700/Glyma.08G080600/Glyma.14G053700/Glyma.15G105900/Glyma.18G113100,5,cluster 6
6,gmx00906,Carotenoid biosynthesis,2/101,56/7555,0.171916939,0.461461258,0.361930398,Glyma.11G161947/Glyma.15G250100,2,cluster 6
6,gmx00905,Brassinosteroid biosynthesis,1/101,16/7555,0.193907057,0.493540971,0.387090958,Glyma.19G033900,1,cluster 6
6,gmx00010,Glycolysis / Gluconeogenesis,5/101,234/7555,0.203222753,0.493540971,0.387090958,Glyma.02G202500/Glyma.08G138100/Glyma.11G111100/Glyma.11G111400/Glyma.17G075300,5,cluster 6
6,gmx00500,Starch and sucrose metabolism,5/101,249/7555,0.239689155,0.555643041,0.435798464,Glyma.04G011900/Glyma.07G049900/Glyma.10G017000/Glyma.15G105900/Glyma.17G015600,5,cluster 6
6,gmx00460,Cyanoamino acid metabolism,2/101,73/7555,0.255243874,0.565975547,0.44390239,Glyma.09G202000/Glyma.15G105900,2,cluster 6
6,gmx00073,"Cutin, suberine and wax biosynthesis",1/101,24/7555,0.276393187,0.587335521,0.460655311,Glyma.13G350300,1,cluster 6
6,gmx00520,Amino sugar and nucleotide sugar metabolism,4/101,215/7555,0.323957381,0.645389,0.506187451,Glyma.04G011900/Glyma.17G015600/Glyma.17G027300/Glyma.20G164900,4,cluster 6
6,gmx00860,Porphyrin and chlorophyll metabolism,2/101,89/7555,0.334524115,0.645389,0.506187451,Glyma.04G243800/Glyma.17G132800,2,cluster 6
6,gmx00950,Isoquinoline alkaloid biosynthesis,1/101,31/7555,0.341676529,0.645389,0.506187451,Glyma.07G193300,1,cluster 6
6,gmx00945,"Stilbenoid, diarylheptanoid and gingerol biosynthesis",1/101,35/7555,0.376326459,0.647543732,0.507877437,Glyma.18G113100,1,cluster 6
6,gmx04075,Plant hormone signal transduction,7/101,447/7555,0.389540718,0.647543732,0.507877437,Glyma.03G063900/Glyma.07G054800/Glyma.13G159000/Glyma.14G162100/Glyma.15G012700/Glyma.15G019500/Glyma.20G230800,7,cluster 6
6,gmx00670,One carbon pool by folate,1/101,37/7555,0.392967988,0.647543732,0.507877437,Glyma.09G202000,1,cluster 6
6,gmx01230,Biosynthesis of amino acids,6/101,378/7555,0.393605014,0.647543732,0.507877437,Glyma.08G138100/Glyma.09G202000/Glyma.11G111100/Glyma.11G111400/Glyma.14G195000/Glyma.15G102000,6,cluster 6
6,gmx02010,ABC transporters,1/101,40/7555,0.417109326,0.651719965,0.511152914,Glyma.17G259100,1,cluster 6
6,gmx00760,Nicotinate and nicotinamide metabolism,1/101,41/7555,0.424943252,0.651719965,0.511152914,Glyma.19G222500,1,cluster 6
6,gmx00051,Fructose and mannose metabolism,2/101,110/7555,0.434479977,0.651719965,0.511152914,Glyma.11G111100/Glyma.11G111400,2,cluster 6
6,gmx00562,Inositol phosphate metabolism,2/101,116/7555,0.461614246,0.672637902,0.527559138,Glyma.05G180600/Glyma.08G138200,2,cluster 6
6,gmx00220,Arginine biosynthesis,1/101,57/7555,0.536999963,0.760749948,0.596666626,Glyma.15G102000,1,cluster 6
6,gmx00350,Tyrosine metabolism,1/101,61/7555,0.561452127,0.771842769,0.605366877,Glyma.07G193300,1,cluster 6
6,gmx00061,Fatty acid biosynthesis,1/101,66/7555,0.590226211,0.771842769,0.605366877,Glyma.20G007900,1,cluster 6
6,gmx00592,alpha-Linolenic acid metabolism,1/101,70/7555,0.611892851,0.771842769,0.605366877,Glyma.10G197800,1,cluster 6
6,gmx00620,Pyruvate metabolism,2/101,162/7555,0.642061867,0.771842769,0.605366877,Glyma.08G201200/Glyma.12G210600,2,cluster 6
6,gmx00270,Cysteine and methionine metabolism,2/101,166/7555,0.655310883,0.771842769,0.605366877,Glyma.04G245900/Glyma.06G117200,2,cluster 6
6,gmx00052,Galactose metabolism,1/101,81/7555,0.665799829,0.771842769,0.605366877,Glyma.05G003900,1,cluster 6
6,gmx00053,Ascorbate and aldarate metabolism,1/101,81/7555,0.665799829,0.771842769,0.605366877,Glyma.01G164700,1,cluster 6
6,gmx00410,beta-Alanine metabolism,1/101,87/7555,0.69200649,0.771842769,0.605366877,Glyma.09G063000,1,cluster 6
6,gmx04712,Circadian rhythm - plant,1/101,87/7555,0.69200649,0.771842769,0.605366877,Glyma.19G105100,1,cluster 6
6,gmx00071,Fatty acid degradation,1/101,88/7555,0.696171909,0.771842769,0.605366877,Glyma.20G007900,1,cluster 6
6,gmx00020,Citrate cycle (TCA cycle),1/101,96/7555,0.727547946,0.789466921,0.619189742,Glyma.15G140200,1,cluster 6
6,gmx00330,Arginine and proline metabolism,1/101,105/7555,0.759023951,0.790004521,0.619611389,Glyma.09G063000,1,cluster 6
6,gmx01212,Fatty acid metabolism,1/101,105/7555,0.759023951,0.790004521,0.619611389,Glyma.20G007900,1,cluster 6
6,gmx04016,MAPK signaling pathway - plant,2/101,229/7555,0.816323966,0.832650446,0.653059173,Glyma.10G242300/Glyma.14G162100,2,cluster 6
6,gmx00230,Purine metabolism,1/101,181/7555,0.915053599,0.915053599,0.717689097,Glyma.17G212100,1,cluster 6
7,gmx00940,Phenylpropanoid biosynthesis,Oct-52,214/7555,1.51E-06,6.33E-05,6.02E-05,Glyma.01G187700/Glyma.03G032800/Glyma.08G179700/Glyma.09G277900/Glyma.11G162100/Glyma.13G138300/Glyma.14G201600/Glyma.15G052600/Glyma.15G052700/Glyma.18G211000,10,cluster 7
7,gmx04626,Plant-pathogen interaction,Sep-52,280/7555,1.05E-04,0.00220578,0.002100743,Glyma.02G002100/Glyma.03G042700/Glyma.09G270900/Glyma.10G178400/Glyma.13G316100/Glyma.18G208800/Glyma.19G255500/Glyma.20G211700/Glyma.20G236200,9,cluster 7
7,gmx04016,MAPK signaling pathway - plant,Jul-52,229/7555,8.97E-04,0.012560294,0.011962185,Glyma.02G042500/Glyma.03G042700/Glyma.08G147600/Glyma.09G005500/Glyma.10G186800/Glyma.18G208800/Glyma.20G236200,7,cluster 7
7,gmx00591,Linoleic acid metabolism,Feb-52,31/7555,0.019022598,0.199737278,0.190225979,Glyma.19G263300/Glyma.U039300,2,cluster 7
7,gmx00480,Glutathione metabolism,Mar-52,144/7555,0.076251739,0.438210566,0.417343396,Glyma.02G283900/Glyma.08G118700/Glyma.11G198500,3,cluster 7
7,gmx00010,Glycolysis / Gluconeogenesis,Apr-52,234/7555,0.076544931,0.438210566,0.417343396,Glyma.01G210400/Glyma.06G114300/Glyma.14G156400/Glyma.17G218200,4,cluster 7
7,gmx00941,Flavonoid biosynthesis,Feb-52,67/7555,0.077406151,0.438210566,0.417343396,Glyma.01G187700/Glyma.05G022100,2,cluster 7
7,gmx00592,alpha-Linolenic acid metabolism,Feb-52,70/7555,0.083468679,0.438210566,0.417343396,Glyma.14G156400/Glyma.19G263300,2,cluster 7
7,gmx00620,Pyruvate metabolism,Mar-52,162/7555,0.100015977,0.45889545,0.437043286,Glyma.01G210400/Glyma.06G087800/Glyma.06G114300,3,cluster 7
7,gmx00071,Fatty acid degradation,Feb-52,88/7555,0.12254076,0.45889545,0.437043286,Glyma.06G114300/Glyma.14G156400,2,cluster 7
7,gmx00903,Limonene and pinene degradation,Jan-52,20/7555,0.129169305,0.45889545,0.437043286,Glyma.06G114300,1,cluster 7
7,gmx03420,Nucleotide excision repair,Feb-52,100/7555,0.150623702,0.45889545,0.437043286,Glyma.06G258000/Glyma.12G217500,2,cluster 7
7,gmx00073,"Cutin, suberine and wax biosynthesis",Jan-52,24/7555,0.15296515,0.45889545,0.437043286,Glyma.19G162100,1,cluster 7
7,gmx00943,Isoflavonoid biosynthesis,Jan-52,24/7555,0.15296515,0.45889545,0.437043286,Glyma.13G173300,1,cluster 7
7,gmx00908,Zeatin biosynthesis,Jan-52,27/7555,0.170392379,0.477098662,0.454379678,Glyma.10G107900,1,cluster 7
7,gmx00945,"Stilbenoid, diarylheptanoid and gingerol biosynthesis",Jan-52,35/7555,0.215163941,0.558306609,0.53172058,Glyma.01G187700,1,cluster 7
7,gmx00910,Nitrogen metabolism,Jan-52,37/7555,0.225981246,0.558306609,0.53172058,Glyma.02G072200,1,cluster 7
7,gmx00340,Histidine metabolism,Jan-52,41/7555,0.247179,0.576751,0.549286667,Glyma.06G114300,1,cluster 7
7,gmx00270,Cysteine and methionine metabolism,Feb-52,166/7555,0.317238307,0.591691377,0.563515597,Glyma.01G210400/Glyma.14G048900,2,cluster 7
7,gmx00906,Carotenoid biosynthesis,Jan-52,56/7555,0.321718161,0.591691377,0.563515597,Glyma.01G153300,1,cluster 7
7,gmx00220,Arginine biosynthesis,Jan-52,57/7555,0.326421542,0.591691377,0.563515597,Glyma.02G072200,1,cluster 7
7,gmx00310,Lysine degradation,Jan-52,60/7555,0.340340589,0.591691377,0.563515597,Glyma.06G114300,1,cluster 7
7,gmx00350,Tyrosine metabolism,Jan-52,61/7555,0.344917278,0.591691377,0.563515597,Glyma.14G156400,1,cluster 7
7,gmx00380,Tryptophan metabolism,Jan-52,63/7555,0.353977426,0.591691377,0.563515597,Glyma.06G114300,1,cluster 7
7,gmx00640,Propanoate metabolism,Jan-52,63/7555,0.353977426,0.591691377,0.563515597,Glyma.01G210400,1,cluster 7
7,gmx04075,Plant hormone signal transduction,Apr-52,447/7555,0.370409321,0.591691377,0.563515597,Glyma.04G198100/Glyma.05G101300/Glyma.10G186800/Glyma.17G065200,4,cluster 7
7,gmx00130,Ubiquinone and other terpenoid-quinone biosynthesis,Jan-52,69/7555,0.380426813,0.591691377,0.563515597,Glyma.11G120200,1,cluster 7
7,gmx00053,Ascorbate and aldarate metabolism,Jan-52,81/7555,0.430178789,0.591691377,0.563515597,Glyma.06G114300,1,cluster 7
7,gmx00040,Pentose and glucuronate interconversions,Jan-52,83/7555,0.438080741,0.591691377,0.563515597,Glyma.03G215800,1,cluster 7
7,gmx00520,Amino sugar and nucleotide sugar metabolism,Feb-52,215/7555,0.438260325,0.591691377,0.563515597,Glyma.02G042500/Glyma.20G164600,2,cluster 7
7,gmx00410,beta-Alanine metabolism,Jan-52,87/7555,0.453563576,0.591691377,0.563515597,Glyma.06G114300,1,cluster 7
7,gmx00250,"Alanine, aspartate and glutamate metabolism",Jan-52,88/7555,0.457368436,0.591691377,0.563515597,Glyma.02G072200,1,cluster 7
7,gmx00280,"Valine, leucine and isoleucine degradation",Jan-52,90/7555,0.464900367,0.591691377,0.563515597,Glyma.06G114300,1,cluster 7
7,gmx00030,Pentose phosphate pathway,Jan-52,99/7555,0.497544456,0.612275212,0.583119249,Glyma.17G218200,1,cluster 7
7,gmx00330,Arginine and proline metabolism,Jan-52,105/7555,0.518213565,0.612275212,0.583119249,Glyma.06G114300,1,cluster 7
7,gmx04070,Phosphatidylinositol signaling system,Jan-52,107/7555,0.524916151,0.612275212,0.583119249,Glyma.10G221000,1,cluster 7
7,gmx00710,Carbon fixation in photosynthetic organisms,Jan-52,113/7555,0.544479925,0.612275212,0.583119249,Glyma.06G087800,1,cluster 7
7,gmx00562,Inositol phosphate metabolism,Jan-52,116/7555,0.553963287,0.612275212,0.583119249,Glyma.10G221000,1,cluster 7
7,gmx00561,Glycerolipid metabolism,Jan-52,124/7555,0.578315717,0.622801541,0.593144325,Glyma.06G114300,1,cluster 7
7,gmx01200,Carbon metabolism,Mar-52,444/7555,0.597057379,0.626910248,0.597057379,Glyma.02G072200/Glyma.06G087800/Glyma.17G218200,3,cluster 7
7,gmx04120,Ubiquitin mediated proteolysis,Jan-52,204/7555,0.760284294,0.778827813,0.741740775,Glyma.13G265400,1,cluster 7
7,gmx03040,Spliceosome,Jan-52,322/7555,0.89697121,0.89697121,0.854258295,Glyma.01G040900,1,cluster 7
8,gmx00943,Isoflavonoid biosynthesis,Oct-71,24/7555,4.92E-15,2.02E-13,1.76E-13,Glyma.01G239600/Glyma.09G094600/Glyma.09G269500/Glyma.09G269600/Glyma.10G176500/Glyma.11G051800/Glyma.13G173401/Glyma.18G220500/Glyma.18G220600/Glyma.20G213700,10,cluster 8
8,gmx00940,Phenylpropanoid biosynthesis,16/71,214/7555,7.93E-11,1.63E-09,1.42E-09,Glyma.01G004200/Glyma.02G309300/Glyma.03G032500/Glyma.04G220600/Glyma.06G145300/Glyma.09G277800/Glyma.09G281800/Glyma.11G000500/Glyma.11G129300/Glyma.11G129500/Glyma.11G129600/Glyma.11G129800/Glyma.15G128700/Glyma.16G055900/Glyma.16G164200/Glyma.20G003500,16,cluster 8
8,gmx00941,Flavonoid biosynthesis,May-71,67/7555,3.91E-04,0.005339332,0.004660777,Glyma.01G004200/Glyma.08G109400/Glyma.08G110420/Glyma.14G005700/Glyma.20G241600,5,cluster 8
8,gmx00906,Carotenoid biosynthesis,Apr-71,56/7555,0.001819987,0.018654867,0.016284094,Glyma.02G104300/Glyma.02G104500/Glyma.07G215500/Glyma.16G109300,4,cluster 8
8,gmx00460,Cyanoamino acid metabolism,Apr-71,73/7555,0.004785396,0.039240245,0.034253358,Glyma.11G129300/Glyma.11G129500/Glyma.11G129600/Glyma.11G129800,4,cluster 8
8,gmx04626,Plant-pathogen interaction,Jul-71,280/7555,0.015644931,0.106907031,0.093320643,Glyma.02G232600/Glyma.04G149300/Glyma.04G245000/Glyma.05G211900/Glyma.14G215800/Glyma.18G056600/Glyma.19G233900,7,cluster 8
8,gmx04016,MAPK signaling pathway - plant,Jun-71,229/7555,0.020200024,0.118314427,0.103278319,Glyma.02G232600/Glyma.05G211900/Glyma.10G007000/Glyma.18G056600/Glyma.19G233900/Glyma.20G203700,6,cluster 8
8,gmx02010,ABC transporters,Feb-71,40/7555,0.054013078,0.276817026,0.241637455,Glyma.13G118900/Glyma.16G172600,2,cluster 8
8,gmx00360,Phenylalanine metabolism,Feb-71,43/7555,0.061425393,0.27982679,0.24426472,Glyma.02G309300/Glyma.11G238300,2,cluster 8
8,gmx00500,Starch and sucrose metabolism,May-71,249/7555,0.084184611,0.345156904,0.301292291,Glyma.11G129300/Glyma.11G129500/Glyma.11G129600/Glyma.11G129800/Glyma.15G024600,5,cluster 8
8,gmx00480,Glutathione metabolism,Mar-71,144/7555,0.153088956,0.570604291,0.49808847,Glyma.05G161400/Glyma.07G139800/Glyma.08G175200,3,cluster 8
8,gmx00040,Pentose and glucuronate interconversions,Feb-71,83/7555,0.183206084,0.594638163,0.519067973,Glyma.19G212300/Glyma.19G212500,2,cluster 8
8,gmx04712,Circadian rhythm - plant,Feb-71,87/7555,0.196826146,0.594638163,0.519067973,Glyma.08G109400/Glyma.08G110420,2,cluster 8
8,gmx00073,"Cutin, suberine and wax biosynthesis",Jan-71,24/7555,0.203047178,0.594638163,0.519067973,Glyma.03G160100,1,cluster 8
8,gmx00950,Isoquinoline alkaloid biosynthesis,Jan-71,31/7555,0.254196633,0.602696734,0.526102412,Glyma.11G238300,1,cluster 8
8,gmx00960,"Tropane, piperidine and pyridine alkaloid biosynthesis",Jan-71,32/7555,0.261234384,0.602696734,0.526102412,Glyma.11G238300,1,cluster 8
8,gmx01040,Biosynthesis of unsaturated fatty acids,Jan-71,32/7555,0.261234384,0.602696734,0.526102412,Glyma.14G121400,1,cluster 8
8,gmx00945,"Stilbenoid, diarylheptanoid and gingerol biosynthesis",Jan-71,35/7555,0.281957126,0.602696734,0.526102412,Glyma.01G004200,1,cluster 8
8,gmx00910,Nitrogen metabolism,Jan-71,37/7555,0.295452799,0.602696734,0.526102412,Glyma.18G141900,1,cluster 8
8,gmx00062,Fatty acid elongation,Jan-71,39/7555,0.308698327,0.602696734,0.526102412,Glyma.04G149300,1,cluster 8
8,gmx00730,Thiamine metabolism,Jan-71,39/7555,0.308698327,0.602696734,0.526102412,Glyma.08G277000,1,cluster 8
8,gmx00520,Amino sugar and nucleotide sugar metabolism,Mar-71,215/7555,0.328926428,0.612999253,0.535095625,Glyma.09G126200/Glyma.11G124500/Glyma.13G346700,3,cluster 8
8,gmx00565,Ether lipid metabolism,Jan-71,46/7555,0.353153037,0.629533674,0.549528753,Glyma.01G215100,1,cluster 8
8,gmx00400,"Phenylalanine, tyrosine and tryptophan biosynthesis",Jan-71,59/7555,0.428361674,0.685992552,0.598812498,Glyma.11G238300,1,cluster 8
8,gmx00350,Tyrosine metabolism,Jan-71,61/7555,0.4391399,0.685992552,0.598812498,Glyma.11G238300,1,cluster 8
8,gmx00380,Tryptophan metabolism,Jan-71,63/7555,0.449717712,0.685992552,0.598812498,Glyma.01G155400,1,cluster 8
8,gmx00061,Fatty acid biosynthesis,Jan-71,66/7555,0.465216673,0.685992552,0.598812498,Glyma.14G121400,1,cluster 8
8,gmx00592,alpha-Linolenic acid metabolism,Jan-71,70/7555,0.485214244,0.685992552,0.598812498,Glyma.01G235600,1,cluster 8
8,gmx04130,SNARE interactions in vesicular transport,Jan-71,70/7555,0.485214244,0.685992552,0.598812498,Glyma.10G082500,1,cluster 8
8,gmx00900,Terpenoid backbone biosynthesis,Jan-71,79/7555,0.527552565,0.709543709,0.619370632,Glyma.08G277000,1,cluster 8
8,gmx00052,Galactose metabolism,Jan-71,81/7555,0.536484268,0.709543709,0.619370632,Glyma.15G024600,1,cluster 8
8,gmx01212,Fatty acid metabolism,Jan-71,105/7555,0.631513075,0.794314725,0.693368438,Glyma.14G121400,1,cluster 8
8,gmx00630,Glyoxylate and dicarboxylate metabolism,Jan-71,111/7555,0.652094663,0.794314725,0.693368438,Glyma.11G198300,1,cluster 8
8,gmx00710,Carbon fixation in photosynthetic organisms,Jan-71,113/7555,0.658700016,0.794314725,0.693368438,Glyma.11G247600,1,cluster 8
8,gmx04144,Endocytosis,Feb-71,288/7555,0.759930633,0.863183732,0.753485157,Glyma.01G215100/Glyma.15G038500,2,cluster 8
8,gmx00564,Glycerophospholipid metabolism,Jan-71,157/7555,0.776427071,0.863183732,0.753485157,Glyma.01G215100,1,cluster 8
8,gmx00270,Cysteine and methionine metabolism,Jan-71,166/7555,0.795022825,0.863183732,0.753485157,Glyma.05G222400,1,cluster 8
8,gmx04075,Plant hormone signal transduction,Mar-71,447/7555,0.800023946,0.863183732,0.753485157,Glyma.10G007000/Glyma.10G138500/Glyma.20G203700,3,cluster 8
8,gmx01230,Biosynthesis of amino acids,Feb-71,378/7555,0.877307101,0.9163623,0.799905474,Glyma.11G238300/Glyma.11G247600,2,cluster 8
8,gmx00010,Glycolysis / Gluconeogenesis,Jan-71,234/7555,0.894012,0.9163623,0.799905474,Glyma.11G247600,1,cluster 8
8,gmx01200,Carbon metabolism,Jan-71,444/7555,0.986712171,0.986712171,0.861314861,Glyma.11G247600,1,cluster 8
9,gmx01200,Carbon metabolism,68/488,444/7555,7.48E-12,7.92E-10,6.77E-10,Glyma.01G007200/Glyma.01G162800/Glyma.01G226900/Glyma.02G041900/Glyma.02G096800/Glyma.02G241200/Glyma.02G294500/Glyma.03G027500/Glyma.03G092700/Glyma.03G191500/Glyma.04G092400/Glyma.05G000700/Glyma.05G080400/Glyma.06G105600/Glyma.06G275700/Glyma.07G035000/Glyma.07G045900/Glyma.07G183600/Glyma.07G242100/Glyma.08G157700/Glyma.08G254500/Glyma.08G292800/Glyma.08G307800/Glyma.08G362900/Glyma.09G153900/Glyma.09G164900/Glyma.09G270500/Glyma.10G016200/Glyma.10G039000/Glyma.10G058100/Glyma.10G065000/Glyma.10G066700/Glyma.10G159800/Glyma.10G201000/Glyma.10G261400/Glyma.10G268500/Glyma.11G015800/Glyma.11G080600/Glyma.11G084000/Glyma.12G193800/Glyma.13G149800/Glyma.13G151800/Glyma.13G308700/Glyma.13G354900/Glyma.14G022100/Glyma.14G186900/Glyma.14G223500/Glyma.15G268500/Glyma.16G004400/Glyma.16G013900/Glyma.16G041200/Glyma.16G044600/Glyma.16G081400/Glyma.16G118900/Glyma.16G204600/Glyma.16G213200/Glyma.17G100600/Glyma.18G080000/Glyma.18G130500/Glyma.18G277300/Glyma.18G287400/Glyma.18G299100/Glyma.19G017200/Glyma.19G038400/Glyma.19G107300/Glyma.19G242300/Glyma.20G122500/Glyma.20G228900,68,cluster 9
9,gmx00020,Citrate cycle (TCA cycle),25/488,96/7555,9.90E-10,5.25E-08,4.48E-08,Glyma.01G162800/Glyma.02G241200/Glyma.02G294500/Glyma.03G228900/Glyma.07G035000/Glyma.08G157700/Glyma.08G292800/Glyma.09G164900/Glyma.10G016200/Glyma.10G039000/Glyma.10G058100/Glyma.10G201000/Glyma.11G080600/Glyma.11G084000/Glyma.12G193800/Glyma.13G308700/Glyma.14G022100/Glyma.14G186900/Glyma.15G268500/Glyma.16G004400/Glyma.16G118900/Glyma.16G213200/Glyma.17G100600/Glyma.18G130500/Glyma.18G287400,25,cluster 9
9,gmx03008,Ribosome biogenesis in eukaryotes,29/488,140/7555,1.41E-08,4.99E-07,4.26E-07,Glyma.01G176400/Glyma.03G186500/Glyma.04G069200/Glyma.04G200700/Glyma.05G038800/Glyma.05G046400/Glyma.05G185000/Glyma.06G070600/Glyma.06G164800/Glyma.07G032500/Glyma.07G035600/Glyma.07G261900/Glyma.08G143000/Glyma.08G210000/Glyma.10G122200/Glyma.11G114300/Glyma.11G125100/Glyma.11G133600/Glyma.11G142700/Glyma.11G237200/Glyma.12G057800/Glyma.12G189600/Glyma.13G167800/Glyma.14G196700/Glyma.15G193000/Glyma.16G004800/Glyma.16G208600/Glyma.17G128400/Glyma.19G186600,29,cluster 9
9,gmx01230,Biosynthesis of amino acids,53/488,378/7555,4.42E-08,1.17E-06,1.00E-06,Glyma.01G139600/Glyma.01G162800/Glyma.01G164300/Glyma.02G041900/Glyma.02G241200/Glyma.03G027400/Glyma.03G027500/Glyma.03G092700/Glyma.03G191500/Glyma.05G000700/Glyma.05G080400/Glyma.05G167700/Glyma.05G240700/Glyma.06G105600/Glyma.06G275700/Glyma.07G045900/Glyma.08G157700/Glyma.08G362900/Glyma.09G153900/Glyma.09G270500/Glyma.10G058100/Glyma.10G065000/Glyma.10G066700/Glyma.10G159800/Glyma.10G211400/Glyma.10G261400/Glyma.10G268500/Glyma.11G043300/Glyma.11G080600/Glyma.11G084000/Glyma.12G085500/Glyma.12G181800/Glyma.12G193800/Glyma.13G149800/Glyma.13G151800/Glyma.13G308700/Glyma.13G319000/Glyma.14G065600/Glyma.14G176600/Glyma.15G268500/Glyma.16G013900/Glyma.16G081400/Glyma.16G118900/Glyma.16G204600/Glyma.17G012600/Glyma.18G041100/Glyma.18G080000/Glyma.18G299100/Glyma.19G027100/Glyma.19G242300/Glyma.20G122500/Glyma.20G228900/Glyma.20G245300,53,cluster 9
9,gmx00010,Glycolysis / Gluconeogenesis,33/488,234/7555,1.55E-05,3.28E-04,2.80E-04,Glyma.01G007200/Glyma.01G031500/Glyma.01G226900/Glyma.02G294500/Glyma.03G092700/Glyma.03G191500/Glyma.04G092400/Glyma.05G000700/Glyma.05G080400/Glyma.06G105600/Glyma.07G035000/Glyma.07G242100/Glyma.08G292800/Glyma.09G153900/Glyma.09G270500/Glyma.10G065000/Glyma.10G066700/Glyma.10G201000/Glyma.10G268500/Glyma.11G015800/Glyma.13G149800/Glyma.13G151800/Glyma.14G121200/Glyma.14G186900/Glyma.16G004400/Glyma.16G044600/Glyma.16G081400/Glyma.16G204600/Glyma.18G130500/Glyma.18G204200/Glyma.19G017200/Glyma.19G107300/Glyma.20G122500,33,cluster 9
9,gmx01210,2-Oxocarboxylic acid metabolism,17/488,88/7555,3.78E-05,6.68E-04,5.70E-04,Glyma.01G162800/Glyma.02G241200/Glyma.05G167700/Glyma.05G240700/Glyma.06G275700/Glyma.07G045900/Glyma.08G157700/Glyma.10G058100/Glyma.11G043300/Glyma.11G080600/Glyma.11G084000/Glyma.12G193800/Glyma.13G308700/Glyma.15G268500/Glyma.16G013900/Glyma.16G118900/Glyma.20G245300,17,cluster 9
9,gmx04626,Plant-pathogen interaction,36/488,280/7555,4.94E-05,7.49E-04,6.39E-04,Glyma.02G182900/Glyma.03G130800/Glyma.03G138000/Glyma.03G150600/Glyma.04G175300/Glyma.04G177700/Glyma.05G079700/Glyma.05G085200/Glyma.05G213200/Glyma.05G245600/Glyma.06G187200/Glyma.06G187400/Glyma.06G189600/Glyma.06G311100/Glyma.07G028600/Glyma.07G066800/Glyma.07G234300/Glyma.08G005600/Glyma.08G053500/Glyma.08G180800/Glyma.08G316500/Glyma.10G009100/Glyma.10G230000/Glyma.11G020700/Glyma.11G077300/Glyma.12G185400/Glyma.14G000800/Glyma.15G051600/Glyma.16G095700/Glyma.16G142500/Glyma.17G251000/Glyma.18G096500/Glyma.18G236800/Glyma.19G132800/Glyma.19G153200/Glyma.19G255300,36,cluster 9
9,gmx04016,MAPK signaling pathway - plant,28/488,229/7555,7.69E-04,0.010193274,0.008705279,Glyma.01G018400/Glyma.01G124700/Glyma.03G216700/Glyma.04G066900/Glyma.05G066700/Glyma.05G079700/Glyma.06G160100/Glyma.07G066800/Glyma.07G105700/Glyma.07G115900/Glyma.08G072400/Glyma.08G180800/Glyma.09G204500/Glyma.10G188500/Glyma.11G020700/Glyma.11G038800/Glyma.13G076800/Glyma.13G106900/Glyma.14G041500/Glyma.14G223500/Glyma.15G051600/Glyma.17G052400/Glyma.17G113900/Glyma.18G236800/Glyma.19G213300/Glyma.19G235200/Glyma.20G087000/Glyma.20G202200,28,cluster 9
9,gmx00400,"Phenylalanine, tyrosine and tryptophan biosynthesis",11/488,59/7555,0.001200616,0.014066872,0.012013416,Glyma.01G139600/Glyma.01G164300/Glyma.03G027400/Glyma.06G275700/Glyma.10G211400/Glyma.12G085500/Glyma.12G181800/Glyma.13G319000/Glyma.14G176600/Glyma.17G012600/Glyma.19G027100,11,cluster 9
9,gmx00230,Purine metabolism,23/488,181/7555,0.001327063,0.014066872,0.012013416,Glyma.02G107700/Glyma.02G211300/Glyma.02G254000/Glyma.03G055900/Glyma.03G138200/Glyma.03G176800/Glyma.04G045000/Glyma.04G133100/Glyma.05G000700/Glyma.05G208400/Glyma.07G115900/Glyma.07G256200/Glyma.08G164100/Glyma.10G065000/Glyma.13G149800/Glyma.14G178900/Glyma.15G106200/Glyma.15G156900/Glyma.17G124900/Glyma.18G049000/Glyma.19G088000/Glyma.19G177500/Glyma.20G226300,23,cluster 9
9,gmx00900,Terpenoid backbone biosynthesis,13/488,79/7555,0.001499421,0.014448968,0.012339734,Glyma.05G100400/Glyma.08G277100/Glyma.09G196000/Glyma.09G250200/Glyma.11G021400/Glyma.11G120900/Glyma.12G046000/Glyma.12G173200/Glyma.13G072700/Glyma.13G326400/Glyma.17G002400/Glyma.17G089600/Glyma.17G166000,13,cluster 9
9,gmx00480,Glutathione metabolism,19/488,144/7555,0.002200624,0.018261465,0.01559569,Glyma.02G096800/Glyma.02G141800/Glyma.02G187200/Glyma.02G204000/Glyma.02G241200/Glyma.05G207600/Glyma.05G240100/Glyma.06G114400/Glyma.07G256200/Glyma.08G254500/Glyma.11G235800/Glyma.12G073100/Glyma.13G135500/Glyma.15G251600/Glyma.18G021100/Glyma.18G111200/Glyma.18G277300/Glyma.19G038400/Glyma.19G177200,19,cluster 9
9,gmx00270,Cysteine and methionine metabolism,21/488,166/7555,0.002239614,0.018261465,0.01559569,Glyma.01G071300/Glyma.02G041900/Glyma.04G005900/Glyma.05G207600/Glyma.05G240700/Glyma.06G005600/Glyma.06G111000/Glyma.06G275700/Glyma.07G129000/Glyma.07G264200/Glyma.10G159800/Glyma.10G261300/Glyma.10G261400/Glyma.13G361500/Glyma.14G049500/Glyma.15G012300/Glyma.17G100600/Glyma.18G080000/Glyma.19G242300/Glyma.20G150200/Glyma.20G228900,21,cluster 9
9,gmx00030,Pentose phosphate pathway,14/488,99/7555,0.004322641,0.032728566,0.027950911,Glyma.02G096800/Glyma.03G027500/Glyma.03G191500/Glyma.04G092400/Glyma.08G254500/Glyma.08G362900/Glyma.10G066700/Glyma.10G268500/Glyma.13G151800/Glyma.18G277300/Glyma.18G299100/Glyma.19G017200/Glyma.19G038400/Glyma.20G122500,14,cluster 9
9,gmx00620,Pyruvate metabolism,19/488,162/7555,0.008101106,0.057247816,0.048890885,Glyma.01G031500/Glyma.02G294500/Glyma.05G000700/Glyma.07G035000/Glyma.07G242100/Glyma.08G292800/Glyma.10G016200/Glyma.10G065000/Glyma.10G201000/Glyma.13G149800/Glyma.13G354900/Glyma.14G186900/Glyma.14G187700/Glyma.16G004400/Glyma.16G044600/Glyma.17G100600/Glyma.18G130500/Glyma.19G107300/Glyma.20G245300,19,cluster 9
9,gmx00945,"Stilbenoid, diarylheptanoid and gingerol biosynthesis",6/488,35/7555,0.023043093,0.152660494,0.130375397,Glyma.02G236500/Glyma.03G122000/Glyma.07G021600/Glyma.08G220200/Glyma.14G201100/Glyma.14G205200,6,cluster 9
9,gmx00710,Carbon fixation in photosynthetic organisms,13/488,113/7555,0.029777453,0.185671178,0.158567242,Glyma.03G027500/Glyma.03G092700/Glyma.03G191500/Glyma.06G275700/Glyma.07G045900/Glyma.10G066700/Glyma.10G268500/Glyma.13G151800/Glyma.13G354900/Glyma.16G013900/Glyma.16G081400/Glyma.17G100600/Glyma.20G122500,13,cluster 9
9,gmx00330,Arginine and proline metabolism,12/488,105/7555,0.037554415,0.211378938,0.180522231,Glyma.01G031500/Glyma.01G071300/Glyma.04G007700/Glyma.05G029200/Glyma.06G007500/Glyma.06G275700/Glyma.08G106000/Glyma.11G080700/Glyma.13G315800/Glyma.14G065600/Glyma.17G083400/Glyma.18G045100,12,cluster 9
9,gmx00513,Various types of N-glycan biosynthesis,8/488,60/7555,0.037888678,0.211378938,0.180522231,Glyma.02G095200/Glyma.02G131900/Glyma.07G020200/Glyma.10G128800/Glyma.10G210300/Glyma.12G045400/Glyma.13G217900/Glyma.14G201900,8,cluster 9
9,gmx00430,Taurine and hypotaurine metabolism,3/488,13/7555,0.047137367,0.249828043,0.213358606,Glyma.11G213000/Glyma.11G235800/Glyma.18G021100,3,cluster 9
9,gmx00630,Glyoxylate and dicarboxylate metabolism,12/488,111/7555,0.053774895,0.2711862,0.231598939,Glyma.01G162800/Glyma.07G242100/Glyma.08G157700/Glyma.11G080600/Glyma.12G193800/Glyma.13G308700/Glyma.14G223500/Glyma.15G268500/Glyma.16G044600/Glyma.17G100600/Glyma.18G041100/Glyma.19G107300,12,cluster 9
9,gmx00360,Phenylalanine metabolism,6/488,43/7555,0.056283928,0.2711862,0.231598939,Glyma.06G275700/Glyma.08G106000/Glyma.10G209800/Glyma.13G145000/Glyma.19G182300/Glyma.20G145200,6,cluster 9
9,gmx00910,Nitrogen metabolism,5/488,37/7555,0.087327755,0.402467045,0.34371565,Glyma.02G035000/Glyma.10G005200/Glyma.12G175800/Glyma.16G041200/Glyma.18G041100,5,cluster 9
9,gmx00940,Phenylpropanoid biosynthesis,19/488,214/7555,0.097308693,0.429780061,0.367041561,Glyma.02G236500/Glyma.03G122000/Glyma.05G103600/Glyma.07G021600/Glyma.07G048702/Glyma.08G080900/Glyma.08G220200/Glyma.09G178100/Glyma.09G189300/Glyma.10G106600/Glyma.10G209800/Glyma.12G129500/Glyma.13G145000/Glyma.13G255300/Glyma.13G369800/Glyma.13G372000/Glyma.14G205200/Glyma.17G064600/Glyma.19G182300,19,cluster 9
9,gmx00640,Propanoate metabolism,7/488,63/7555,0.110106564,0.466851833,0.398701665,Glyma.07G183600/Glyma.08G307800/Glyma.09G164900/Glyma.10G039000/Glyma.16G044600/Glyma.16G213200/Glyma.19G107300,7,cluster 9
9,gmx04075,Plant hormone signal transduction,35/488,447/7555,0.133168164,0.54291636,0.463662432,Glyma.01G018400/Glyma.01G124700/Glyma.01G204400/Glyma.02G283300/Glyma.03G127600/Glyma.03G216700/Glyma.03G256200/Glyma.04G066900/Glyma.05G066700/Glyma.05G097300/Glyma.05G207400/Glyma.06G042900/Glyma.06G160100/Glyma.07G041400/Glyma.08G004100/Glyma.08G043000/Glyma.08G105000/Glyma.08G180800/Glyma.09G020800/Glyma.09G204500/Glyma.10G188500/Glyma.11G038800/Glyma.13G076800/Glyma.13G354100/Glyma.14G041500/Glyma.14G217700/Glyma.15G051600/Glyma.15G179600/Glyma.16G010000/Glyma.17G065300/Glyma.17G113900/Glyma.19G130200/Glyma.19G213300/Glyma.20G087000/Glyma.20G202200,35,cluster 9
9,gmx00220,Arginine biosynthesis,6/488,57/7555,0.160185912,0.628878024,0.537075572,Glyma.06G275700/Glyma.07G045900/Glyma.11G043300/Glyma.16G013900/Glyma.16G041200/Glyma.18G041100,6,cluster 9
9,gmx00250,"Alanine, aspartate and glutamate metabolism",8/488,88/7555,0.206924106,0.783355543,0.669002748,Glyma.02G254000/Glyma.05G029200/Glyma.06G275700/Glyma.07G045900/Glyma.11G213000/Glyma.16G013900/Glyma.16G041200/Glyma.18G041100,8,cluster 9
9,gmx00380,Tryptophan metabolism,6/488,63/7555,0.220043557,0.792628872,0.676922373,Glyma.01G031500/Glyma.08G106000/Glyma.13G361500/Glyma.14G022100/Glyma.14G223500/Glyma.15G012300,6,cluster 9
9,gmx00970,Aminoacyl-tRNA biosynthesis,8/488,90/7555,0.224328926,0.792628872,0.676922373,Glyma.01G176800/Glyma.05G224000/Glyma.10G141500/Glyma.10G272800/Glyma.11G034100/Glyma.14G101500/Glyma.17G223600/Glyma.19G221400,8,cluster 9
9,gmx00730,Thiamine metabolism,4/488,39/7555,0.242612598,0.829578562,0.708478215,Glyma.03G176800/Glyma.08G277100/Glyma.19G088000/Glyma.19G177500,4,cluster 9
9,gmx00510,N-Glycan biosynthesis,7/488,80/7555,0.257628077,0.853393006,0.728816271,Glyma.07G020200/Glyma.10G128800/Glyma.10G210300/Glyma.12G045400/Glyma.13G217900/Glyma.13G323400/Glyma.14G201900,7,cluster 9
9,gmx00760,Nicotinate and nicotinamide metabolism,4/488,41/7555,0.271583064,0.871255142,0.744070926,Glyma.02G238100/Glyma.05G219500/Glyma.11G093600/Glyma.12G020100,4,cluster 9
9,gmx00130,Ubiquinone and other terpenoid-quinone biosynthesis,6/488,69/7555,0.286035285,0.871255142,0.744070926,Glyma.02G236500/Glyma.09G236500/Glyma.13G372000/Glyma.14G205200/Glyma.15G064700/Glyma.17G064600,6,cluster 9
9,gmx00590,Arachidonic acid metabolism,3/488,29/7555,0.287678585,0.871255142,0.744070926,Glyma.05G240100/Glyma.11G235800/Glyma.18G021100,3,cluster 9
9,gmx00520,Amino sugar and nucleotide sugar metabolism,16/488,215/7555,0.314085749,0.924808038,0.789806269,Glyma.01G007200/Glyma.01G063000/Glyma.01G226900/Glyma.02G095200/Glyma.02G208000/Glyma.03G006900/Glyma.04G092400/Glyma.05G152300/Glyma.08G249900/Glyma.09G030300/Glyma.10G018400/Glyma.11G015800/Glyma.15G136000/Glyma.18G002200/Glyma.18G159500/Glyma.19G017200,16,cluster 9
9,gmx00350,Tyrosine metabolism,5/488,61/7555,0.358903112,0.998702615,0.852913852,Glyma.06G275700/Glyma.09G010000/Glyma.14G121200/Glyma.17G003200/Glyma.20G145200,5,cluster 9
9,gmx00240,Pyrimidine metabolism,8/488,107/7555,0.387419583,0.998702615,0.852913852,Glyma.02G107700/Glyma.07G115900/Glyma.07G256200/Glyma.08G232600/Glyma.08G345000/Glyma.11G115200/Glyma.18G073400/Glyma.20G103100,8,cluster 9
9,gmx00260,"Glycine, serine and threonine metabolism",8/488,107/7555,0.387419583,0.998702615,0.852913852,Glyma.02G041900/Glyma.05G080400/Glyma.05G240700/Glyma.06G105600/Glyma.06G186300/Glyma.09G270500/Glyma.10G261400/Glyma.20G145200,8,cluster 9
9,gmx00051,Fructose and mannose metabolism,8/488,110/7555,0.417482432,0.998702615,0.852913852,Glyma.01G007200/Glyma.01G226900/Glyma.03G191500/Glyma.10G066700/Glyma.10G268500/Glyma.11G015800/Glyma.13G151800/Glyma.20G122500,8,cluster 9
9,gmx03013,RNA transport,19/488,278/7555,0.433337209,0.998702615,0.852913852,Glyma.02G305200/Glyma.03G206400/Glyma.03G264400/Glyma.04G039400/Glyma.04G069200/Glyma.04G074200/Glyma.05G155700/Glyma.06G070600/Glyma.06G075300/Glyma.06G324500/Glyma.07G042000/Glyma.10G106100/Glyma.10G212900/Glyma.12G183200/Glyma.15G017900/Glyma.16G068000/Glyma.17G240000/Glyma.18G040400/Glyma.18G288400,19,cluster 9
9,gmx00941,Flavonoid biosynthesis,5/488,67/7555,0.437228265,0.998702615,0.852913852,Glyma.02G236500/Glyma.03G122000/Glyma.07G021600/Glyma.08G220200/Glyma.14G205200,5,cluster 9
9,gmx00531,Glycosaminoglycan degradation,2/488,23/7555,0.443017243,0.998702615,0.852913852,Glyma.02G095200/Glyma.17G108200,2,cluster 9
9,gmx02010,ABC transporters,3/488,40/7555,0.482739931,0.998702615,0.852913852,Glyma.02G008000/Glyma.03G136000/Glyma.18G080900,3,cluster 9
9,gmx00514,Other types of O-glycan biosynthesis,2/488,25/7555,0.48674033,0.998702615,0.852913852,Glyma.05G072300/Glyma.16G109700,2,cluster 9
9,gmx00920,Sulfur metabolism,4/488,56/7555,0.493248032,0.998702615,0.852913852,Glyma.10G159800/Glyma.18G080000/Glyma.19G242300/Glyma.20G228900,4,cluster 9
9,gmx00410,beta-Alanine metabolism,6/488,87/7555,0.49552385,0.998702615,0.852913852,Glyma.01G031500/Glyma.07G183600/Glyma.08G307800/Glyma.11G213000/Glyma.18G045100/Glyma.20G145200,6,cluster 9
9,gmx00603,Glycosphingolipid biosynthesis - globo and isoglobo series,1/488,Nov-55,0.520500324,0.998702615,0.852913852,Glyma.02G095200,1,cluster 9
9,gmx00650,Butanoate metabolism,3/488,43/7555,0.531906649,0.998702615,0.852913852,Glyma.05G167700/Glyma.07G242100/Glyma.11G213000,3,cluster 9
9,gmx00561,Glycerolipid metabolism,8/488,124/7555,0.55421675,0.998702615,0.852913852,Glyma.01G031500/Glyma.07G028600/Glyma.10G270000/Glyma.10G291400/Glyma.13G108100/Glyma.13G134500/Glyma.20G116400/Glyma.20G121300,8,cluster 9
9,gmx03450,Non-homologous end-joining,1/488,13/7555,0.580532691,0.998702615,0.852913852,Glyma.20G205600,1,cluster 9
9,gmx00290,"Valine, leucine and isoleucine biosynthesis",2/488,31/7555,0.604224853,0.998702615,0.852913852,Glyma.05G167700/Glyma.20G245300,2,cluster 9
9,gmx00511,Other glycan degradation,2/488,31/7555,0.604224853,0.998702615,0.852913852,Glyma.02G095200/Glyma.14G056500,2,cluster 9
9,gmx00950,Isoquinoline alkaloid biosynthesis,2/488,31/7555,0.604224853,0.998702615,0.852913852,Glyma.06G275700/Glyma.20G145200,2,cluster 9
9,gmx00052,Galactose metabolism,5/488,81/7555,0.607206081,0.998702615,0.852913852,Glyma.01G007200/Glyma.01G226900/Glyma.02G303300/Glyma.09G028000/Glyma.11G015800,5,cluster 9
9,gmx00053,Ascorbate and aldarate metabolism,5/488,81/7555,0.607206081,0.998702615,0.852913852,Glyma.01G031500/Glyma.06G114400/Glyma.10G067500/Glyma.12G073100/Glyma.13G076900,5,cluster 9
9,gmx00960,"Tropane, piperidine and pyridine alkaloid biosynthesis",2/488,32/7555,0.621708921,0.998702615,0.852913852,Glyma.06G275700/Glyma.20G145200,2,cluster 9
9,gmx00660,C5-Branched dibasic acid metabolism,1/488,15/7555,0.63306259,0.998702615,0.852913852,Glyma.05G167700,1,cluster 9
9,gmx00190,Oxidative phosphorylation,11/488,184/7555,0.649846094,0.998702615,0.852913852,Glyma.02G295900/Glyma.03G195700/Glyma.06G242800/Glyma.07G032800/Glyma.07G048300/Glyma.10G267200/Glyma.11G070800/Glyma.14G177100/Glyma.16G130300/Glyma.16G147600/Glyma.20G243400,11,cluster 9
9,gmx00261,Monobactam biosynthesis,1/488,16/7555,0.656811325,0.998702615,0.852913852,Glyma.05G240700,1,cluster 9
9,gmx04122,Sulfur relay system,1/488,17/7555,0.679025952,0.998702615,0.852913852,Glyma.04G002200,1,cluster 9
9,gmx03060,Protein export,5/488,89/7555,0.689876972,0.998702615,0.852913852,Glyma.03G247200/Glyma.04G036000/Glyma.06G036100/Glyma.08G025700/Glyma.11G249600,5,cluster 9
9,gmx00670,One carbon pool by folate,2/488,37/7555,0.70022035,0.998702615,0.852913852,Glyma.04G133100/Glyma.11G115200,2,cluster 9
9,gmx00460,Cyanoamino acid metabolism,4/488,73/7555,0.702964503,0.998702615,0.852913852,Glyma.09G178100/Glyma.10G106600/Glyma.11G235800/Glyma.18G021100,4,cluster 9
9,gmx00062,Fatty acid elongation,2/488,39/7555,0.727623242,0.998702615,0.852913852,Glyma.17G251000/Glyma.18G232000,2,cluster 9
9,gmx00903,Limonene and pinene degradation,1/488,20/7555,0.737422865,0.998702615,0.852913852,Glyma.01G031500,1,cluster 9
9,gmx00500,Starch and sucrose metabolism,14/488,249/7555,0.744652614,0.998702615,0.852913852,Glyma.01G007200/Glyma.01G226900/Glyma.04G092400/Glyma.06G104800/Glyma.08G288600/Glyma.09G028000/Glyma.09G178100/Glyma.10G106600/Glyma.11G015800/Glyma.14G130300/Glyma.18G136200/Glyma.19G017200/Glyma.19G023000/Glyma.19G212800,14,cluster 9
9,gmx00300,Lysine biosynthesis,1/488,21/7555,0.754428525,0.998702615,0.852913852,Glyma.05G240700,1,cluster 9
9,gmx03015,mRNA surveillance pathway,11/488,201/7555,0.758919572,0.998702615,0.852913852,Glyma.05G176400/Glyma.05G243400/Glyma.06G324500/Glyma.07G231800/Glyma.08G133900/Glyma.11G246900/Glyma.18G010400/Glyma.18G040400/Glyma.18G288400/Glyma.19G232300/Glyma.20G208500,11,cluster 9
9,gmx00562,Inositol phosphate metabolism,6/488,116/7555,0.768971011,0.998702615,0.852913852,Glyma.07G045600/Glyma.07G183600/Glyma.09G206100/Glyma.12G240900/Glyma.16G013500/Glyma.16G081200,6,cluster 9
9,gmx03020,RNA polymerase,3/488,63/7555,0.782799839,0.998702615,0.852913852,Glyma.07G084000/Glyma.10G095200/Glyma.18G179600,3,cluster 9
9,gmx00750,Vitamin B6 metabolism,1/488,24/7555,0.799129108,0.998702615,0.852913852,Glyma.02G041900,1,cluster 9
9,gmx00780,Biotin metabolism,1/488,24/7555,0.799129108,0.998702615,0.852913852,Glyma.12G020600,1,cluster 9
9,gmx00565,Ether lipid metabolism,2/488,46/7555,0.807326323,0.998702615,0.852913852,Glyma.09G041400/Glyma.16G081200,2,cluster 9
9,gmx00770,Pantothenate and CoA biosynthesis,2/488,46/7555,0.807326323,0.998702615,0.852913852,Glyma.05G167700/Glyma.17G089200,2,cluster 9
9,gmx00450,Selenocompound metabolism,1/488,26/7555,0.824319688,0.998702615,0.852913852,Glyma.11G088200,1,cluster 9
9,gmx04070,Phosphatidylinositol signaling system,5/488,107/7555,0.829835137,0.998702615,0.852913852,Glyma.05G079700/Glyma.07G045600/Glyma.09G206100/Glyma.12G240900/Glyma.16G013500,5,cluster 9
9,gmx00860,Porphyrin and chlorophyll metabolism,4/488,89/7555,0.835706003,0.998702615,0.852913852,Glyma.10G141500/Glyma.19G087600/Glyma.19G118800/Glyma.20G243400,4,cluster 9
9,gmx00592,alpha-Linolenic acid metabolism,3/488,70/7555,0.839344573,0.998702615,0.852913852,Glyma.14G121200/Glyma.14G223200/Glyma.17G246500,3,cluster 9
9,gmx00280,"Valine, leucine and isoleucine degradation",4/488,90/7555,0.842049042,0.998702615,0.852913852,Glyma.01G031500/Glyma.07G019100/Glyma.07G183600/Glyma.08G307800,4,cluster 9
9,gmx01040,Biosynthesis of unsaturated fatty acids,1/488,32/7555,0.882497968,0.998702615,0.852913852,Glyma.18G232000,1,cluster 9
9,gmx03018,RNA degradation,8/488,180/7555,0.903323915,0.998702615,0.852913852,Glyma.07G184300/Glyma.08G027700/Glyma.08G229400/Glyma.09G153900/Glyma.10G193200/Glyma.16G204600/Glyma.20G079300/Glyma.20G197100,8,cluster 9
9,gmx00600,Sphingolipid metabolism,1/488,35/7555,0.903915689,0.998702615,0.852913852,Glyma.16G146500,1,cluster 9
9,gmx04146,Peroxisome,6/488,142/7555,0.904195094,0.998702615,0.852913852,Glyma.02G241200/Glyma.05G059400/Glyma.06G320100/Glyma.11G254100/Glyma.14G223500/Glyma.17G009400,6,cluster 9
9,gmx00310,Lysine degradation,2/488,60/7555,0.907286729,0.998702615,0.852913852,Glyma.01G031500/Glyma.14G022100,2,cluster 9
9,gmx00040,Pentose and glucuronate interconversions,3/488,83/7555,0.911255431,0.998702615,0.852913852,Glyma.13G115300/Glyma.16G014100/Glyma.17G044500,3,cluster 9
9,gmx00195,Photosynthesis,3/488,85/7555,0.919269336,0.998702615,0.852913852,Glyma.09G024100/Glyma.10G278900/Glyma.11G183300,3,cluster 9
9,gmx04141,Protein processing in endoplasmic reticulum,16/488,334/7555,0.92169149,0.998702615,0.852913852,Glyma.02G014000/Glyma.03G182800/Glyma.07G020200/Glyma.07G110200/Glyma.08G025700/Glyma.10G210300/Glyma.12G045400/Glyma.12G172800/Glyma.13G217900/Glyma.13G323600/Glyma.13G326200/Glyma.14G063700/Glyma.14G201900/Glyma.18G244100/Glyma.19G183400/Glyma.20G190300,16,cluster 9
9,gmx03022,Basal transcription factors,3/488,86/7555,0.923023887,0.998702615,0.852913852,Glyma.01G217900/Glyma.11G073900/Glyma.17G121600,3,cluster 9
9,gmx04145,Phagosome,6/488,149/7555,0.926146954,0.998702615,0.852913852,Glyma.02G295900/Glyma.07G045600/Glyma.10G220100/Glyma.16G013500/Glyma.16G130300/Glyma.18G244100,6,cluster 9
9,gmx00071,Fatty acid degradation,3/488,88/7555,0.930058213,0.998702615,0.852913852,Glyma.01G031500/Glyma.11G254100/Glyma.14G121200,3,cluster 9
9,gmx00563,Glycosylphosphatidylinositol (GPI)-anchor biosynthesis,1/488,40/7555,0.931306207,0.998702615,0.852913852,Glyma.15G092700,1,cluster 9
9,gmx00061,Fatty acid biosynthesis,2/488,66/7555,0.933065501,0.998702615,0.852913852,Glyma.07G019100/Glyma.11G254100,2,cluster 9
9,gmx00340,Histidine metabolism,1/488,41/7555,0.935766962,0.998702615,0.852913852,Glyma.01G031500,1,cluster 9
9,gmx00564,Glycerophospholipid metabolism,6/488,157/7555,0.945719443,0.998702615,0.852913852,Glyma.09G041400/Glyma.10G270000/Glyma.13G134500/Glyma.16G081200/Glyma.17G124900/Glyma.20G121300,6,cluster 9
9,gmx00790,Folate biosynthesis,1/488,45/7555,0.950899921,0.998702615,0.852913852,Glyma.11G115200,1,cluster 9
9,gmx03420,Nucleotide excision repair,3/488,100/7555,0.961231319,0.998702615,0.852913852,Glyma.07G053300/Glyma.11G073900/Glyma.19G257800,3,cluster 9
9,gmx03050,Proteasome,3/488,105/7555,0.969889085,0.998702615,0.852913852,Glyma.06G219200/Glyma.08G336400/Glyma.18G071500,3,cluster 9
9,gmx00906,Carotenoid biosynthesis,1/488,56/7555,0.976563611,0.998702615,0.852913852,Glyma.14G045100,1,cluster 9
9,gmx04136,Autophagy - other,1/488,66/7555,0.988047045,0.998702615,0.852913852,Glyma.14G187000,1,cluster 9
9,gmx03040,Spliceosome,12/488,322/7555,0.989269072,0.998702615,0.852913852,Glyma.05G146100/Glyma.07G268900/Glyma.10G174000/Glyma.10G192200/Glyma.12G028100/Glyma.13G165400/Glyma.13G167800/Glyma.14G196700/Glyma.17G078400/Glyma.18G040400/Glyma.18G285500/Glyma.18G288400,12,cluster 9
9,gmx03440,Homologous recombination,1/488,69/7555,0.990235008,0.998702615,0.852913852,Glyma.13G115000,1,cluster 9
9,gmx01212,Fatty acid metabolism,2/488,105/7555,0.99283309,0.998702615,0.852913852,Glyma.07G019100/Glyma.11G254100,2,cluster 9
9,gmx04712,Circadian rhythm - plant,1/488,87/7555,0.997102083,0.998702615,0.852913852,Glyma.04G228300,1,cluster 9
9,gmx04120,Ubiquitin mediated proteolysis,5/488,204/7555,0.997613833,0.998702615,0.852913852,Glyma.02G036000/Glyma.12G032500/Glyma.13G277400/Glyma.16G035000/Glyma.17G202700,5,cluster 9
9,gmx04144,Endocytosis,8/488,288/7555,0.998702615,0.998702615,0.852913852,Glyma.01G083000/Glyma.09G041400/Glyma.09G183100/Glyma.10G220100/Glyma.11G139600/Glyma.13G281400/Glyma.15G130300/Glyma.20G124000,8,cluster 9
